id,predicted
917611,0.59125
329273,0.795
133046,0.8475
960346,0.79
386102,0.7625
113051,0.525
641301,0.28
568162,0.58375
766940,0.01
423123,0.95
743215,0.06875
597427,0.69125
245320,0.85
591249,0.74125
376449,0.0825
385007,0.6075
620790,0.77125
340139,0.77375
479604,0.72125
248779,0.85625
546215,0.725
218241,0.535
718252,0.01125
750767,0.155
633222,0.33375
152910,0.07375
894307,0.30875
552147,0.5
401992,0.38
960758,0.82125
356757,0.20375
585233,0.75875
384512,0.0025
224937,0.52875
135997,0.375
863056,0.77625
486137,0.745
814726,0.80375
738398,0.725
157783,0.08
662431,0.04875
851563,0.84
881246,0.84375
907963,0.0075
658466,0.53375
595593,0.32
756681,0.47625
430155,0.1075
568375,0
265562,0.42875
722775,0.8475
245247,0.00875
537031,0.67375
455138,0.70875
285401,0.81625
883240,0.3975
288925,0.6625
522559,0.785
604774,0.67875
186467,0.765
826796,0.44375
762864,0.725
394415,0.5725
693818,0.335
354296,0.77
185501,0.77375
628041,0.825
612632,0.0125
822481,0.1475
195442,0.455
478379,0.7675
447766,0.145
800459,0.875
243453,0.11875
845503,0.8575
457495,0.875
185147,0.76875
263388,0.18875
810029,0.4725
875070,0.78625
722445,0.85
378060,0.71875
933387,0.6675
385413,0.9175
665374,0.64625
963495,0.76625
795997,0.7975
177062,0.86625
363180,0.66625
645327,0.70875
379584,0.3525
502766,0.95625
581563,0.66625
506461,0.0125
635393,0.99
512961,0.68
282639,0.84
273702,0.975
483568,0.9825
407196,0.66
454323,0.84875
798783,0.58375
678939,0.7875
217544,0.005
108655,0.96125
219334,0.2825
386698,0.25875
268125,0.71
803466,0.355
568413,0.91125
200954,0.71875
615299,0.1075
748185,0.38125
596207,0.95625
844365,0.17625
613249,0.03375
346736,0.0275
502835,0.2125
476943,0.8525
801673,0.75625
689288,0.76
265095,0.735
310314,0.58375
849684,0.04125
242545,0.05875
938807,0.315
490619,0.3725
837309,0.5275
654704,0.9675
949804,0.6925
457708,0.84
213789,0.89125
415496,0.5075
953593,0.77875
723141,0.76375
443756,0.76
789095,0.58875
316478,0.00375
810763,0.8525
475575,0.80625
616853,0.72625
134368,0.56875
644559,0.04625
350403,0.01
775564,0.15375
615061,0.34625
751243,0.88625
866589,0.365
863178,0.57
910201,0.88
486641,0.02625
328944,0.73875
892311,0.04375
387831,0.885
163742,0.22375
885224,0.9425
626718,0.8775
727453,0.745
464616,0
130254,0.475
409572,0.70875
594046,0.2275
845747,0.0225
413477,0.0225
789251,0.39
656906,0.24125
202307,0.84875
163170,0.72625
683305,0.41
561059,0.6775
815135,0.93875
616507,0.81125
333484,0.0475
970050,0.8275
644962,0.8725
103291,0.51
453948,0.665
829887,0.9425
882638,0.0025
962875,0.93375
120520,0.15875
949508,0.01
349213,0.65625
332314,0.35875
627131,0.69375
359072,0.63875
797224,0.4375
917034,0.7025
633391,0.565
836040,0.9125
473624,0.73
250173,0.09875
573262,0.52875
235328,0.8525
137798,0.58375
713614,0.13
329188,0.6925
628956,0.0025
649479,0.5575
761947,0.38875
671049,0.1625
687233,0.66
905379,0.09
225918,0.46
277415,0.8625
731400,0.74625
656621,0.21125
233164,0.88625
190012,0.12
686205,0.8525
320094,0.855
689704,0.6675
743402,0.01
645897,0.695
189568,0.01375
670821,0.7025
181169,0.605
330944,0.765
244172,0.89375
690942,0.905
364024,0.82125
550924,0.8475
819308,0.92625
120106,0.14625
906040,0.52375
387244,0.82125
614508,0.15125
439801,0.76
135599,0.5225
205264,0.88375
702340,0.01125
838482,0.19
174368,0.77875
130583,0.675
992713,0.86125
788884,0.7925
274453,0.36875
451456,0.9025
901829,0.82875
218262,0.845
408315,0.6025
704290,0.67
906117,0.13375
157567,0.7675
583278,0.42375
397173,0.75375
955374,0.7825
733344,0.71375
863795,0.7275
409466,0.48125
373404,0.79
235792,0.48
770554,0.9675
845834,0.50125
961341,0.81625
163308,0.81375
384405,0.0575
783725,0.86
163157,0.85375
202576,0.8275
841003,0.17
643985,0.9775
671933,0.365
559267,0.26
631218,0.89
501051,0.84
861981,0.64375
849547,0.06
389513,0.75375
476536,0.73625
801364,0.7425
768660,0.585
320431,0.505
127913,0.405
892237,0.8225
369315,0.80625
149810,0.20625
459719,0.61
128170,0.8425
724512,0.9025
100606,0.525
673383,0.2625
471906,0.31375
977662,0.1325
454124,0.26625
190899,0.015
707587,0.75625
346774,0.19375
494183,0.62125
199749,0.895
511570,0.46625
747114,0.74125
741619,0.9825
624247,0.88375
739360,0.48125
627845,0.71625
312235,0.855
703670,0.9
629771,0.7725
767457,0.02125
906929,0.04
578764,0.67625
468992,0.4675
528186,0.45375
262401,0.4775
661153,0.46875
423729,0.1425
987741,0.83625
207520,0.6125
771622,0.58625
596569,0.69125
388045,0.29875
921436,0.81
320073,0.22
186786,0.58
265100,0
263830,0.1425
539943,0.145
293231,0.4825
312426,0.81125
877320,0.51
383151,0.725
788045,0.0375
668486,0.17375
368936,0.68
683819,0.01125
357949,0.67375
624264,0.76875
108610,0.7925
810328,0.7125
211497,0.73625
830995,0.745
945596,0.43125
837793,0.53375
688180,0.225
479106,0.72625
108511,0.30125
255039,0.45875
687675,0.19375
927773,0.19375
513606,0.005
605301,0.80375
329136,0.73
818276,0.81375
870921,0.56875
525724,0.8975
187537,0.17375
602993,0.87375
263552,0.865
435884,0.745
839239,0.86
148453,0.89125
961013,0.76125
771243,0.545
839022,0.77375
600554,0.78
605929,0.2
910256,0.83125
623800,0.4175
461767,0.635
997544,0.61125
969374,0.26875
833072,0.79
527312,0.61625
798412,0.705
970516,0.5
935504,0.85875
378435,0.9075
815458,0.185
782859,0.935
382419,0.9125
361154,0.92875
710190,0.8425
969496,0.12125
388178,0.005
220021,0.72625
829540,0.56375
312548,0.77875
467728,0.18875
387165,0.22375
560232,0.715
321039,0.82
623219,0.74375
122923,0.71875
137692,0.5875
267269,0.86
219199,0.6975
546508,0.21375
777089,0.20625
397661,0.70375
682170,0.8975
130431,0.70125
825787,0.28375
767384,0.6975
625242,0.015
931334,0.57375
644133,0.70625
680535,0.605
249025,0.8775
210667,0.0725
125147,0.64
127750,0.975
698086,0.9675
109423,0.8375
224654,0.695
727900,0.58125
495757,0.9675
949484,0.6125
302976,0.17625
801240,0.93625
627491,0.68375
832240,0.79375
718511,0.145
445148,0.0175
879423,0.52875
816561,0.0725
472722,0.18875
711811,0.98
937018,0.9575
528373,0.005
668876,0.60375
851079,0.9625
333468,0.6675
908767,0.18125
350811,0.71625
256638,0.88375
578347,0.5625
202036,0.51
136074,0.0375
367171,0.81625
162887,0.2975
257231,0.555
718674,0.59375
874843,0.64875
460240,0.4625
939505,0.5
122231,0.8225
794559,0.47
495820,0.54125
395622,0.7175
962785,0.89125
236084,0.87625
717532,0.70375
252373,0.87
539976,0.6075
986723,0.5575
557717,0.97
910910,0.8825
995744,0.4725
484170,0.46125
563790,0.9725
354025,0.5425
877144,0.6425
567928,0.61375
132865,0.86625
125493,0.6275
454883,0.70125
136498,0.08125
301470,0.10125
546247,0.05125
981579,0.7625
698412,0.85
592399,0.33
728404,0.87
433154,0.94875
306187,0.97375
421044,0
255891,0.81125
522995,0.87875
142598,0.80125
297152,0.115
558090,0.85875
873943,0.73
114247,0.615
679453,0.03125
223771,0.985
967311,0.015
285660,0.56125
710333,0.655
142902,0.67375
206899,0.83625
513168,0.92875
476098,0.09125
376253,0.9575
863015,0.26625
750779,0.285
505787,0.77125
649273,0.805
902296,0.21625
421140,0.2325
156893,0.84375
174782,0.55625
296525,0.69
317279,0.7775
834508,0.2125
945515,0.7775
706981,0.95125
730245,0.81125
930714,0.86375
314288,0.92625
222424,0.47125
331421,0.35125
314903,0.4925
779494,0.555
441892,0.66625
410756,0.685
345543,0.8825
642477,0.885
699185,0.22375
977574,0.73375
438181,0.65625
158561,0.4625
137084,0.31875
265128,0.735
573172,0.26625
451141,0.2175
685061,0.41375
815883,0.66875
618693,0.90125
980099,0.22625
517846,0.855
796265,0.675
348214,0.72625
980692,0.8275
798235,0.83625
162240,0.61
531036,0.75
811430,0.0525
518316,0.70375
430385,0.82125
806468,0.80375
709422,0.75125
852970,0.0075
321356,0.925
478340,0.87625
635977,0.87
668477,0.94125
345161,0.62625
515738,0.3
763372,0.14375
561979,0.8525
975876,0.77125
674452,0.04625
501267,0.2825
690816,0.635
213741,0.57125
967654,0.565
223212,0.43875
561090,0.56625
404032,0.7325
953442,0.02
264939,0.85125
127648,0.49375
571906,0.68375
696576,0.21125
235034,0.84
774183,0.80375
236903,0.4075
433009,0.2475
220487,0.00375
126682,0.8225
938878,0.6275
979156,0.605
178758,0.925
929735,0.6075
611487,0.62
861515,0.66625
186489,0.80125
556362,0.905
467941,0.875
820068,0.63
398245,0.01
953405,0.81125
759612,0.945
418361,0.21625
991724,0.46625
817861,0.1
863417,0.44625
329028,0.98625
614182,0.755
421705,0.89875
855282,0.83125
127237,0.965
555303,0.63875
640167,0.655
772113,0.97875
336351,0.62875
854673,0.82875
555549,0.0125
565645,0.69875
166636,0
506406,0
129863,0.95875
616867,0.25875
522126,0.66625
159788,0.635
648990,0.02
801399,0.23
871418,0.20875
956893,0.7575
361342,0.58
838656,0.13
169121,0.89
297864,0.8925
334737,0.34875
457723,0.89875
563254,0.04375
782950,0.495
511618,0.0875
492485,0.59125
569686,0.695
534421,0.35375
203652,0.1075
435179,0.63375
991929,0.64625
901638,0.5675
739807,0.77625
669046,0.68875
201024,0.6
927238,0.29375
861825,0.6925
506996,0.90625
192926,0.485
206673,0.3425
588771,0.445
223436,0.74875
203573,0.8775
730075,0.6975
413442,0.50625
363566,0.29875
432892,0
705883,0.98875
852583,0.98375
980750,0
619255,0.8475
738413,0.6125
365846,0.905
983509,0.09625
837730,0.1625
279900,0.84
452753,0.32875
876023,0.70875
265521,0.91625
514396,0.8075
771348,0.8975
625175,0.50875
546916,0.0075
599832,0.06875
901280,0.65125
717635,0.63
199969,0.3
662824,0.13125
200340,0.80875
739509,0.55875
945169,0.4675
419141,0.27625
176979,0.42625
288020,0.71875
935518,0.8075
385607,0.915
166188,0
182170,0.31875
239485,0.0025
314117,0.01125
774395,0.02375
577315,0.65625
796173,0.78
834093,0.93375
868840,0.91875
374121,0.865
695063,0.21125
405293,0.9625
258954,0.38
391632,0.87875
505306,0.065
918049,0.30375
325971,0.03875
611235,0.0125
888770,0.945
641615,0.745
249915,0.605
174137,0
749334,0
230399,0
589660,0
325918,0.36125
206779,0
901787,0
772086,0.02375
870658,0
968633,0
272108,0.35
448643,0.7875
489718,0.07
743158,0
665142,0
484059,0
740343,0.02875
281847,0.76125
864498,0.10875
795459,0.64875
324940,0
485096,0
584641,0
957318,0.17375
291763,0
226631,0
990649,0
647420,0.72875
476292,0
250797,0.11125
734988,0.9075
909242,0.83
811731,0
990758,0
837761,0.20375
931558,0.85
698790,0.88125
708080,0.0025
205859,0
392431,0
881221,0.895
787157,0.695
691794,0.825
738780,0
973903,0.905
500583,0.905
165088,0.26
192161,0.98
686521,0.28125
670534,0
620063,0
858661,0.155
298809,0
226701,0
401526,0
592118,0
953166,0
667627,0.1325
220494,0.85375
665653,0
311990,0.9675
200455,0.93375
593729,0.865
183689,0.49
794028,0.6925
440272,0.9125
493350,0.04625
792787,0.63125
626411,0
283380,0.83
713780,0.8925
512166,0.02375
391637,0.57125
482181,0.7125
723178,0.21625
442635,0.01375
473629,0.03625
325316,0
700083,0.43625
927397,0
804501,0.7125
524312,0.845
473156,0.6275
770876,0.2175
854114,0.5475
515111,0.885
277847,0.91375
886026,0.8375
994292,0.49625
855464,0.9075
553076,0.0575
417063,0.86125
941227,0.04625
265225,0.94625
931503,0.01625
463645,0
768862,0.76625
200446,0.82875
414756,0
991238,0
244619,0.645
261591,0.1125
471231,0.84125
667469,0.82375
704089,0.80875
928227,0
741750,0.605
709577,0.73125
467963,0
859577,0.8775
761340,0.81375
502438,0.455
405347,0.16875
329285,0
267949,0
146593,0.64625
515871,0.75375
591972,0.14375
635444,0
782642,0.83125
758491,0.0225
788967,0.30375
157876,0.72
432077,0.95375
753117,0.53375
910729,0.3825
369092,0.14875
850615,0.21625
249961,0.3875
173419,0.1275
222820,0.56875
168187,0.005
988901,0.7525
959923,0.63375
301092,0.8375
493084,0.4675
161919,0.20625
498820,0.02625
842154,0.13125
955159,0
126585,0.10125
748374,0.91875
339531,0.945
416175,0.7375
577887,0.17
178101,0.0275
615804,0.0025
401720,0.02125
281039,0.005
750765,0.7525
241569,0.3225
403403,0.8225
936752,0.7
769482,0.32625
184289,0.75875
293970,0.4525
100548,0.23375
518516,0
548838,0
866832,0.0975
629351,0.005
102781,0.40125
469656,0.7875
673814,0.89875
806995,0.695
993641,0.68
232880,0.6525
677996,0.91625
273274,0.085
317890,0.11375
278775,0.0475
533886,0.155
112798,0.825
342468,0.84125
325252,0.0075
682799,0.12375
276095,0.66125
288135,0.72875
705101,0.90875
342123,0
727941,0.82375
829096,0.09
364037,0.4925
847941,0.3325
956371,0.61125
100067,0
983697,0
991625,0.00375
919416,0.0025
925827,0
853441,0.0875
539043,0.0075
838466,0.34375
583051,0
845378,0.88375
655444,0.0925
936609,0.77625
789539,0.0025
686163,0.005
247786,0
528164,0
802379,0
352757,0.0025
349862,0
572541,0
105124,0.00625
925967,0.6875
465524,0.755
451936,0
164277,0.05125
485935,0.01
253018,0.03125
482886,0.89
704668,0.73
361296,0.935
526846,0.8575
381787,0
146166,0.005
183086,0.8225
200893,0.49
312809,0
270110,0
220989,0.74625
804258,0.92125
977549,0.6375
424108,0.78125
826626,0.1
779693,0.84
351779,0.89625
548706,0.015
129746,0.035
321649,0.0875
237462,0
117979,0.02375
815913,0.8925
190185,0.1075
506854,0.15625
402282,0.47875
237860,0
657084,0
202749,0.2725
842692,0.84625
705923,0.9325
889581,0.69125
849041,0.07375
391033,0.1825
250329,0.1825
429779,0.9425
782461,0.78
888820,0.75125
818297,0.13875
929437,0.2875
540871,0
734435,0
309299,0.7525
787205,0.5275
925211,0.9175
376544,0
150300,0.0625
831060,0.6175
979592,0.005
496702,0.68125
549103,0.88875
478411,0.9625
939534,0.05875
983463,0.15125
855062,0.1575
313621,0.56625
779713,0
453528,0
413976,0.03
751897,0.87125
632311,0.045
823961,0.0475
100587,0.72
111108,0.81875
511290,0.96875
924206,0.01
837198,0.24
377726,0.62875
945742,0.785
681899,0.9725
701268,0.71375
596822,0.02
534283,0.03625
369205,0.0175
755512,0.5325
317452,0.03375
308934,0.9
494760,0.06125
243118,0.15875
231266,0.04125
932060,0.02375
741012,0.87125
402945,0.69375
486258,0.795
316399,0.945
156187,0.03
280753,0.9
795796,0.94125
289607,0.2175
616805,0.7775
466804,0.10375
343126,0.36
786934,0.88375
936647,0.81125
250662,0
355703,0.54625
186364,0
156388,0.3525
680035,0.33125
666446,0.24875
106142,0.5475
468788,0
645594,0.915
939777,0
431122,0.5375
679831,0.24
515400,0
756979,0.04375
851292,0.6725
903143,0.46875
889530,0.87375
277318,0.715
974350,0.76625
352093,0.77875
208970,0.10625
169736,0.7525
345872,0.79875
534194,0.6775
275173,0.0025
441847,0.3425
662288,0.49
590360,0.0075
748897,0.13375
814999,0.76875
485373,0.7925
437686,0.71375
131888,0
969282,0.43375
901514,0.055
486927,0.61875
335329,0.1275
293081,0.5825
658899,0.825
386596,0.965
547286,0.66125
842268,0.71375
246534,0.4925
367649,0
308215,0.04625
591432,0
818619,0.0575
602138,0.03125
316575,0.68625
997631,0.30625
350812,0.82
658519,0.71375
359892,0
226896,0.95625
990807,0.63
750930,0.67375
875577,0.75625
298822,0.12
960235,0.61875
238076,0.08625
265182,0.65125
118695,0.1825
651448,0.30125
595285,0.8725
343522,0.0575
524681,0.58
846723,0
837680,0.1125
365109,0.0025
802092,0.0025
178269,0.0875
849866,0.24
793083,0
924758,0.04875
888427,0.8825
777245,0.0225
731574,0.92
647843,0.57375
649084,0.78625
695414,0.38
356759,0.76
337544,0.8775
645134,0.5175
728095,0.37125
676840,0.7825
370833,0.9125
718264,0.7325
235308,0.63875
569182,0.83
456521,0.6375
343655,0.77125
812138,0
194349,0.76875
793477,0.005
309094,0.85375
106609,0.545
751734,0
901498,0.84125
740985,0.84
233044,0.50625
445657,0.8575
334619,0.5975
892409,0.27625
272186,0
241642,0.56375
426128,0.64875
158621,0.615
783778,0.6725
609640,0.81625
492080,0.69375
242189,0
998866,0.1675
203408,0.15625
409390,0.58375
328857,0
642827,0.71
166433,0.7675
590126,0.905
759180,0.21875
588267,0.76125
271941,0.0175
443352,0.7375
309529,0.81375
886860,0
839797,0.54375
579008,0.8775
572780,0.0125
335994,0.15
793342,0.84125
233288,0.8525
536087,0.58
955951,0.9025
834781,0.4975
938462,0.58375
330811,0
753554,0
801782,0.70125
483651,0
275269,0.86875
726014,0.49625
886698,0.4975
888654,0.0025
517655,0
278433,0.80375
529302,0.32625
492381,0.2725
978045,0.26375
645040,0.71625
937250,0.8
154122,0
450184,0.54875
626950,0.85125
205547,0.995
427112,0.0025
819329,0.64625
328893,0.55375
249487,0
407834,0.77375
540942,0.80875
292142,0.34
452331,0.005
684523,0.55
232015,0.02
183332,0
834139,0.68
439788,0.27625
131632,0.005
261470,0.18375
953432,0.84125
886709,0
888608,0.7925
230113,0.035
122686,0.5375
607988,0.7925
638301,0.89
341736,0.71875
588086,0.88375
563679,0.745
484461,0.56375
329609,0.5775
262308,0.57
357500,0.28625
838821,0
171472,0.59375
473854,0.74875
468841,0.605
458100,0.76375
859598,0.70125
836113,0.74
627058,0.42875
771011,0.03
924886,0.63625
675319,0.9025
727678,0
917049,0.0925
531861,0
355539,0
565237,0.74625
468647,0.7775
299149,0
244535,0.90375
194531,0.0125
567333,0
601535,0.56
836399,0.86625
550134,0.8325
123844,0.05625
369488,0
853642,0.9175
641986,0.185
700239,0.21125
839437,0.95375
708632,0.46625
810419,0.93125
665150,0.4225
872999,0.765
506091,0.97375
426657,0.975
596971,0.2525
452188,0.3175
430165,0.74125
347400,0.6925
593241,0.85875
564763,0
532011,0.92
941055,0.795
804397,0.9525
755139,0.835
721363,0.00625
111788,0.73125
731744,0.715
445778,0.0025
100916,0.71625
490375,0.97375
727233,0.11625
146595,0.0275
401884,0.00125
146831,0.055
798814,0
372527,0.0075
479051,0
392588,0.00625
488424,0.0075
501927,0.2375
867035,0
996504,0.6625
621719,0.29
242847,0.75875
640623,0.01625
716528,0.2725
175663,0.57125
863243,0.02875
431382,0.05625
890127,0.685
288040,0.77375
656224,0.29125
487063,0.87
438329,0.9975
402000,1
230551,0.69875
750828,0.74375
616414,0.795
444594,0.72125
703176,0.6375
551486,0.5725
228070,0.965
250694,0.9825
346172,0.99375
110121,0.50375
230858,0.015
307494,0.37625
548172,0.815
667548,0.7
148144,0.92875
284651,0.755
889356,0.0025
492829,0.9775
922933,0.505
577219,0.97375
430367,0.85875
713929,0.745
270593,0.02
307053,0.7075
383342,0.05375
585551,0.57125
739564,0.5625
914280,0.41375
179346,0.97875
690652,0.67625
347823,0.6625
322864,0.085
894419,0.43625
661008,0.86875
287887,0.7125
986387,0
343685,0.92875
327071,0.77625
146266,0.72125
680084,0
845161,0
348360,0.225
462677,0.18375
346281,0.9425
589737,0.9575
766252,0.2925
260836,0.8275
207347,0.085
484692,0.75875
999221,0.47625
290150,0.67
500716,0.04625
743847,0.715
235059,0.90125
808259,0.035
849670,0.36375
448158,0.34875
143280,0.52875
809213,0.74375
648538,0.88
638308,0
331439,0.30375
391954,0.8275
726286,0.12375
612990,0
642321,0.975
817868,0.9625
639587,0.485
287582,0.1125
415424,0.1
240234,0.62875
288351,0.96
471050,0.9775
607434,0.315
970738,0.78125
219647,0.65
313846,0.39625
266685,0.14125
318879,0.96
149345,0.9575
195620,0.6275
105576,0.30875
269372,0
645595,0.60625
681316,0.46375
480935,0.92375
415135,0.46625
472763,0.3925
848263,0.3975
417307,0
158547,0.02625
555185,0.81125
840581,0.735
679120,0.6275
577891,0.94625
532918,0.6225
850578,0.3675
705501,0
146952,0.21625
872028,0.655
684778,0.835
488059,0.51625
109725,0.84375
612834,0.2175
353740,0.3875
431249,0.87125
948809,0.79625
471400,0.555
117935,0.6025
308773,0.5375
711878,0.72625
657132,0.31
776193,0.91
201276,0.74625
844027,0.045
574050,0.6175
580161,0.70625
307002,0.6975
338905,0.66875
604706,0.43125
728407,0
454269,0.06875
348220,0.005
436518,0.00875
757152,0.045
169654,0.8775
102301,0.6075
536656,0.19625
221406,0.355
361407,0.3325
611685,0.74125
162367,0.1225
113376,0.13125
350500,0.685
129471,0.51125
996615,0.145
793355,0.51625
586984,0.03
922468,0.71625
400228,0.73875
712343,0.6775
565212,0.2625
199980,0.33875
165125,0.64125
233601,0.83
254926,0.7825
484444,0.92125
711102,0.1475
479853,0.925
667842,0.07125
336283,0.595
183425,0.49125
460227,0.49
784938,0.50375
890806,0.01125
388135,0.015
180577,0
882386,0.08375
502762,0.04625
921056,0.01
678857,0.62625
736173,0.75625
890319,0.79625
564173,0.4625
568256,0.06
683446,0.28625
835474,0.08875
335811,0.0225
119537,0.44875
222329,0.46625
343772,0.67625
937837,0.00375
986961,0.75625
526461,0.32125
838070,0.94625
921601,0.00125
314201,0.0175
298279,0.03875
930149,0.78125
781060,0.15625
502460,0.79375
820797,0.4675
239976,0
487905,0
235041,0.75625
569130,0.6875
969183,0.4
825555,0.8675
875769,0.76
873089,0.87375
578250,0.72875
723913,0
924110,0.15125
906437,0.01
100479,0.37625
126258,0.67625
132134,0.64625
396338,0.455
920226,0.7675
452065,0.2775
913043,0.4725
702966,0.73875
819983,0.265
658575,0.8875
240032,0.6225
382824,0.08375
883047,0.70625
211613,0.01
778232,0.01375
493552,0.98625
760464,0.6725
182219,0.41875
255736,0.91375
841731,0.85875
809441,0
784884,0.1075
838769,0
181794,0.90375
624307,0.89625
641983,0.025
657641,0.2975
818642,0.56
475084,0.6775
769691,0.985
637450,0.0075
664186,0.625
470510,0.155
338178,0.1175
197155,0.7125
368829,0
208113,0.41125
323978,0.6825
662794,0.93125
430048,0.04
680166,0.155
633503,0.04
611858,0
836603,0.93875
329411,0.015
105079,0.52375
132361,0.9025
364831,0.7925
351921,0.0125
369924,0.9725
467427,0.855
809592,0.5825
366976,0.48875
318531,0.89875
308015,0.85875
203370,0.98
184551,0.6275
754942,0.08625
355045,0.43625
728029,0.96
640991,0
319655,0
122758,0.665
476243,0.55375
694857,0.98
191120,0.68875
505058,0.885
153419,0.98875
782202,0.025
793137,0.48
179641,0.8675
530400,0.5725
257234,0.99125
546023,0.04125
274544,0.4375
138979,0.81875
207741,0.96375
770636,0
606175,0.07
112518,0.005
861652,0.795
163825,0.005
684181,0.53875
887453,0
653804,0
905659,0.16625
607320,0.01
767032,0.08
266741,0.835
577195,0.385
109682,0.83375
271114,0
609072,0.9575
768127,0.12125
561070,0.59
817258,0.73
575364,0.12875
705163,0.865
566731,0.795
524480,0
285244,0
296210,0.09
709847,0.95
258692,0
437381,0
831375,0.9925
551562,0.6725
550106,0.52125
732261,0.40125
361049,0.67625
993578,0.33
689336,0.5575
248298,0.38125
275866,0.86
810869,0.56875
773971,0
741649,0.04375
245977,0.8425
714085,0.8675
407048,0.8825
189202,0
243015,0.16
424238,0.80375
129266,0.855
728952,0.64875
975839,0.49125
954905,0
947650,0.68
966496,0.88125
579059,0.85375
341749,0.69875
644859,0.0175
411195,0
183399,0.94625
573952,0.48
775302,0
943758,0.32625
344212,0.775
716686,0
289097,0
152549,0.41
218807,0.835
354951,0.8925
347116,0.015
672222,0.005
225693,0
536532,0.8625
555671,0.16875
606986,0.95
873074,0.01625
880648,0.015
534769,0.865
529646,0.335
114755,0.23
452952,0.84875
417122,0
223492,0
303792,0.90625
567117,0.30625
180737,0.175
578969,0.835
385686,0.36875
901401,0.11625
456377,0.0525
181310,0.9075
651920,0
514548,0.0025
900728,0.68625
236745,0.6725
876211,0.70125
597155,0
148163,0
481889,0.99375
121926,0.32625
893483,0.0125
419100,0.535
853184,0.64
595710,0.9925
813261,0.02375
193772,0.01125
777393,0.0225
608229,0.91375
247866,0.80125
828627,0.37875
596675,0
957291,0.1375
880826,0.6825
380966,0.0375
726662,0.9725
797940,0.18625
461415,0.735
209435,0.06875
835829,0.0075
711025,0.3
984262,0.5825
296961,0.41
962538,0.005
828997,0.41875
736849,0.02125
253779,0.84
566559,0.01
554232,0.0125
191781,0.84625
637986,0.8675
930388,0.615
715477,0.16125
926675,0.5475
674798,0.7
866986,0.87875
265402,0.465
845447,0.6225
616874,0
558427,0.88625
954146,0.21625
369657,0.8025
143979,0.09625
556635,0.995
439475,0.0225
629544,0.985
144243,0.05375
628899,0.9825
230948,0
494325,0.94375
589985,0.0175
323286,0.8425
645704,0.70375
411391,0.47
554584,0.575
147144,0.74125
378842,0.785
718401,0
951200,0.9125
504982,0.9975
504310,0.36875
568737,0.8275
227613,0.985
548053,0.9675
759368,0
673604,0.58
679479,0.9225
980563,0.70125
413114,0.64375
257318,0.93625
962303,0.89
757592,0.005
541109,0.185
256562,0
943119,0.52375
519624,0.71125
787135,0.78875
896748,0
756279,0
951372,0.1475
244531,0
449538,0.29125
835864,0.6075
755141,0.005
224669,0.065
612399,0.01875
595627,0.57375
568416,0.8575
310324,0.3775
196771,0.5975
180757,0.495
471532,0.41875
483534,0.69375
553396,0.10875
331824,0.06875
482291,0.035
730214,0
427418,0.92875
532369,0.655
730441,0.04
649894,0.4775
528305,0.7325
618041,0.89
552485,0.3225
840122,0.6675
997869,0.08875
771786,0.0775
656942,0.01125
471688,0.01125
426759,0.70375
292572,0.60875
750663,0.0375
801591,0.94625
992990,0.805
660338,0.15125
522143,0.73
584607,0.425
263392,0.215
218847,0.0675
342880,0.84
779809,0.96
366537,0.75875
443364,0.0375
713884,0.4025
531337,0.71125
126583,0.7275
606251,0.24375
828283,0.97
151866,0.2425
377569,0.8275
543335,0.53
516313,0.86
493198,0.0025
755195,0
440057,0.6125
143419,0.74875
586882,0.0025
747706,0.01
746126,0.0025
960578,0.54625
494691,0.4775
362790,0.35
449203,0.58875
246461,0.86
682609,0.91875
527780,0
913994,0.7
234071,0.8525
562322,0.33375
553120,0.83
186993,0.5575
116072,0.17375
517982,0
496167,0.7375
280735,0.6325
738162,0.93875
299852,0.00625
943732,0.0125
250232,0.9825
232959,0.09
194510,0.01
267771,0.01
899713,0.00375
710097,0.93875
446631,0.93
707366,0.7725
287095,0.70125
350804,0.00625
943838,0.29625
912405,0
176636,0.28875
281222,0.97375
705573,0.75375
500979,0.23
327141,0.25
217821,0.1025
901706,0.99
105447,0.0675
816651,0.49
782827,0.5775
713162,0
140214,0.62
148781,0.35875
661738,0.58875
197794,0.985
526752,0.17625
353375,0.00875
894315,0.98
305644,0.365
565725,0.765
316285,0.8475
228715,0.7125
511176,0.73625
424314,0.73375
352441,0.77625
298426,0.0075
360615,0.2625
156555,0.5325
780741,0.7025
778602,0.25625
886660,0.7
591533,0.965
214751,0.9425
514206,0.07875
850034,0.11625
379805,0
882777,0.1075
307545,0.675
461064,0.145
906941,0.47625
912684,0.13375
792405,0.62625
953101,0.0125
289961,0.8075
912250,0.93875
819359,0.68625
468649,0.1925
988710,0.01625
722058,0.38125
485474,0.92625
835832,0.41
275788,0
240962,0.09
885197,0.9825
663002,0.445
785638,0.015
689113,0.02875
207183,0.01375
980060,0.02
122088,0.01
801425,0.005
968247,0.0025
806590,0.7925
666363,0.6675
659331,0.4275
107299,0.9775
332004,0
631315,0
938558,0.63125
738016,0.96125
671964,0.88875
385564,0.10125
729305,0.415
295947,0.08875
327819,0.71625
160666,0.1175
986532,0.935
479757,0.79875
775987,0.50125
944926,0.4125
524302,0.6425
600730,0.9125
225775,0.0075
174615,0.78375
601729,0.9875
496866,0.97125
872746,0.8825
746037,0.105
988997,0.8525
177779,0.87875
230737,0.4875
693085,0.0575
419665,0.17375
548602,0.0725
878137,0.565
200837,0.17125
626316,0.4225
277753,0.65625
329918,0
589614,0
141737,0.0375
803813,0.9025
172344,0.66625
569082,0.7275
564745,0.0025
526327,0.51625
372092,0.76
726697,0.20125
621511,0.59625
310419,0.1625
679481,0.08375
466386,0.30625
400838,0.6025
832672,0.06625
785733,0.005
888093,0.7875
625331,0.83125
976464,0.045
783183,0.04625
664258,0.7
828554,0.90375
188279,0
659076,0.02125
863416,0.805
409328,0.53375
908343,0.76
571510,0.98
265924,0.6175
427758,0.78375
553500,0.66
940792,0.2825
169509,0.5425
835337,0.66875
741129,0.63
853370,0.58625
813803,0.66375
761101,0.47875
833116,0.74375
709471,0.87125
179465,0.0325
757497,0.64875
748316,0
174221,0.51625
236939,0.69375
312681,0.68875
425899,0.225
894818,0.7625
576260,0.1725
947073,0.6225
414616,0.83
118432,0.6475
309001,0.99375
959130,0.58625
232198,0.79875
225715,0.0125
314922,0.86
521547,0.9025
186924,0.81625
999381,0.07
182349,0.60125
198207,0.9225
147930,0
650215,0
757695,0.42375
631071,0
887039,0.38625
651773,0.1575
376586,0.74625
652789,0.01875
644641,0.75125
510790,0.5175
156995,0.6975
347613,0.315
190144,0.42125
504723,0.21625
101080,0.64875
385639,0.49875
143343,0.10625
533482,0.69125
473785,0
602410,0.0025
596316,0.01125
267029,0.2475
689588,0.77875
298679,0.02
506305,0.3675
256606,0.27875
825660,0.00625
906630,0.895
608936,0.64375
902029,0.69125
726572,0.73
412943,0.77375
125996,0.61625
130793,0.57375
521452,0.16125
958968,0.42
115167,0.51
955712,0.55625
825835,0.46625
399641,0.715
114254,0.24875
549100,0.04
616391,0.24625
363219,0.73625
947413,0.195
620479,0.47875
944881,0.905
971785,0.03375
941534,0.0475
202621,0
982496,0.745
642623,0.51125
133212,0.69875
475418,0.0075
637353,0.70625
764247,0.86625
486838,0.005
118523,0
822464,0
214243,0
496917,0.125
239441,0.055
363355,0
424846,0
824357,0.0075
535374,0
823701,0.90625
594306,0.46125
421164,0.5475
866921,0.47625
764684,0.6375
266934,0.335
302034,0.74
702018,0.7475
603099,0
445151,0.4575
182803,0.025
688036,1
675919,0.0025
911792,0.0025
988523,0.7075
278229,0.985
879333,0.7875
909300,0.8075
847027,0.8375
606261,0.9975
130391,0
188054,0.1825
927130,0.91875
286168,0.6325
646968,0.75625
712960,0.30625
870081,0.80625
536862,0.5475
976517,0.705
745357,0.23
960070,0.79
886555,0.75
867265,0.75
775310,0.0425
730681,0.8025
608069,0.46875
415884,0
543403,0
234083,0.31125
840445,0.7575
704143,0.01
436867,0.0325
562858,0.92375
103493,0.37625
852060,0.54625
867828,0.81875
281113,0.76875
714774,0.455
970273,0.6175
254237,0.86125
914245,0.80375
423232,0.9325
580514,0.76125
738415,0.66125
632117,0.96
686926,0.68
696423,0.74875
506575,0.005
412674,0
838048,0
983892,0.005
801528,0
177156,0.96125
423719,0.7025
256102,0.82875
882105,0.93375
626762,0.015
817870,0
824862,0.56625
590693,0
905077,0
396415,0.0025
963326,0.04125
895582,0.8075
480822,0.8075
115466,0.7875
961008,0.5975
432215,0.525
647142,0.89125
623775,0.71875
162905,0.0125
604961,0
535787,0.49375
622659,0.03625
454954,0.20625
701246,0.575
969147,0.585
713581,0.6975
572767,0.5375
799338,0.9875
496220,0.76125
169476,0.69
127980,0.71625
945569,0
111961,0.00875
659689,0.03375
363098,0.7575
258298,0.92375
848396,0.0275
711678,0.0075
379329,0.01625
726907,0.735
208118,0.675
966075,0.22
569397,0.985
896141,0
665151,0.405
291786,0.07
860140,0
271133,0
496388,0.8375
969536,0.05125
241152,0.15375
428347,0.15
404458,0.2425
192072,0.0025
534407,0.02375
592292,0.0575
943705,0.75
773100,0.8025
462089,0.7575
705371,0.51375
607299,0.66
997501,0.27375
258633,0.7825
393157,0
579009,0.63375
723119,0.65625
214632,0
792502,0
329311,0.67
450194,0.25625
312053,0.615
701809,0
621304,0.04125
881091,0.825
975456,0.88625
955928,0.98625
584365,0
650228,0.5825
633059,0
921276,0.86875
783745,0.0025
411257,0.52375
498431,0.36125
939010,0.78375
146331,0.77875
295789,0
826759,0
710404,0.01
686001,0.97
189387,0.00875
313727,0.005
512504,0.68125
961964,0.31875
242222,0.0175
618605,0.03
819155,0.93875
558386,0.29875
508253,0.1675
212030,0.455
891889,0.00875
580343,0
144736,0.175
249617,0.12375
387384,0.76125
391275,0.2
352447,0
981502,0.55125
682297,0.7425
221474,0.7775
438025,0.70375
761762,0.84875
182867,0.50125
300691,0.0125
148924,0.005
358181,0.45125
500134,0.33375
198161,0.37625
935669,0.72625
261958,0.7175
834424,0.7025
576772,0.045
421116,0.22125
786575,0.79375
360346,0.67125
662866,0
944477,0.75125
500251,0.03375
575454,0.60375
841972,0.47625
355314,0.00125
956231,0
908102,0.20875
482244,0.8025
892781,0
149236,0.21
641499,0.0025
118127,0.77
599656,0
951689,0.51875
554808,0
845611,0.0025
131309,0.01875
169859,0
264747,0.0725
819530,0
861805,0.05125
676784,0.9925
757605,0.9575
635934,0.0025
352942,0.0075
867355,0.87125
204270,0
433477,0
723484,0.0075
948316,0.0125
939107,0.0075
916388,0
351101,0
795762,0.195
356500,0.71125
245276,0
784622,0.1325
845792,0.86875
142324,0.02625
699509,0.9175
498471,0.09125
300750,0.00875
819341,0.85625
989998,0
145711,0
556226,0.71375
408455,0.085
256206,0.09625
567955,0.84875
604675,0.0225
698752,0
832127,0
803032,0
803856,0
174580,0.005
841431,0.875
961249,0.8275
573407,0.5675
957130,0.8625
337830,0.64875
487158,0.7275
575799,0.72625
530310,0.1
362618,0.17875
953211,0.91125
900366,0.74625
275250,0.39375
710177,0.7725
188558,0.76875
980716,0.1275
764217,0.33375
880894,0.2275
541215,0.0125
930397,0.17375
266101,0.13
340194,0
920232,0.135
688539,0.67375
698126,0.495
967261,0.07625
807592,0.59
282010,0.71625
371679,0.79375
134893,0
202761,0.41125
853190,0
526823,0.88375
903205,0.62
243851,0.5525
238596,0.34125
483847,0.56
656322,0.855
134885,0.8025
313123,0
963868,0.0025
574496,0.0025
178682,0.69375
319627,0.6675
176820,0.79
534183,0.005
228928,0.005
348459,0.8375
447729,0.74
384103,0
426350,0.78875
764610,0.865
583243,0
866331,0.85125
878569,0.93125
520061,0.78125
376007,0.96875
364758,0.74
642005,0.01
807071,0.8825
505901,0.98875
712254,0.0325
657009,0.13125
592017,0.355
219219,0
687432,0.56125
314169,0.165
538325,0.6525
518434,0
571534,0.31625
675351,0.975
245649,0.9775
746097,0
548257,0.5925
567192,0.1925
537350,0.14125
826722,0.21625
968206,0.0275
714412,0.055
172935,0.19875
462406,0
586401,0.525
638209,0.8125
629331,0.86375
771909,0.86125
564336,0.77875
176992,0.0225
504247,0.9775
679115,0.985
779230,0.9725
406071,0.56375
502476,0.015
653329,0.1825
483067,0.395
612939,0.35375
296221,0.36125
659535,0.1675
868304,0.90125
371325,0.29625
167398,0.005
839557,0.69375
691759,0.3075
739812,0.005
447291,0.75125
815205,0.2875
392447,0.1525
107348,0.205
719429,0.605
338593,0
967528,0.6975
105449,0.2125
122173,0
403024,0.2425
458776,0
823713,0.53125
392789,0.58625
670011,0.2775
999026,0.07625
963922,0.6525
352166,0.63
766732,0.14625
598094,0.72
276727,0.78375
492216,0.52875
467107,0.3875
717091,0.01375
932986,0.8325
578041,0.135
134977,0.29375
334234,0.04125
839165,0.75
368963,0.86
280785,0.98
277742,0
121652,0.015
394045,0.605
862346,0.975
844078,0.24625
550714,0.06625
607649,0.70125
339067,0.43875
678556,0.08375
265241,0.20125
679271,0.085
956737,0
546464,0.04
485011,0.9125
205243,0.52
156514,0.76
164272,0.07875
646473,0.1525
335038,0.09375
655708,0.7125
615301,0.60375
579225,0.015
411814,0
393251,0.0825
844953,0.7775
451527,0.09625
433133,0.59375
484696,0.995
692251,0.46375
609025,0.95375
235013,0.96375
839045,0.435
167793,0.415
280325,0.84625
922428,0.375
517285,0.96125
639938,0.9825
941170,0.1675
284675,0.6175
903742,0.2025
111894,0.72
631880,0.335
710596,0.815
898783,0.1425
108818,0.43125
799813,0.18875
453207,0
678812,0.18625
248905,0.4175
816450,0.93
246691,0.02625
223378,0.82
770818,0.0075
100465,0.9775
438642,0.0025
331072,0.15375
614177,0.21125
974760,0.7375
362473,0.67625
130480,0.74375
250237,0.73
915148,0.98
269519,0.97125
187054,0.72125
353774,0.67375
598989,0.9875
128843,0.365
183658,0.345
999179,0.31875
558400,0.3275
150137,0.0475
477148,0.025
516141,0.76875
432815,0
833240,0.5075
358035,0.7375
427953,0.075
889898,0.41875
407296,0.01625
411738,0.05
592982,0.0175
294055,0.0025
266558,0.00875
843265,0.04375
181237,0.67625
171602,0.55625
728780,0.96875
778419,0.75
280456,0.63875
612232,0.48875
246940,0.0075
688199,0.59125
666141,0.26625
369803,0
221018,0.93875
801848,0.43875
872322,0.0125
553791,0.995
101532,0.35875
933595,0.07
276642,0.62625
299048,0.0225
626518,0.87
165747,0.3425
775822,0.97125
297270,0.285
247582,0.28
278067,0
517529,0.0025
750971,0
909780,0
499454,0.82125
838657,0.94375
595681,0.74875
651693,0.73375
799508,0.86875
936541,0.2175
587446,0.98625
699416,0.445
862289,0.5075
170700,0.43375
557314,0.11375
913774,0.655
731546,0.3025
229136,0.74375
311950,0.59
745937,0.03125
392576,0.17125
918333,0.23375
489033,0.005
595528,0.6075
810637,0.79375
637154,0.0325
484505,0.0025
643178,0.01125
822049,0.6725
343753,0.2425
252091,0.33875
246531,0
889991,0.9825
663607,0.9025
987794,0.5475
295498,0.87375
308665,0.21875
761315,0.40625
164338,0.50375
433856,0.05
304555,0
621344,0.81
451739,0.77375
461058,0.09125
533393,0
395393,0.82625
311289,0.4725
673753,0.34375
663260,0.6425
685535,0.955
112905,0
631074,0
633742,0.39375
848285,0
115198,0.60875
582772,0.0025
799472,0.005
963576,0.7625
377398,0.0975
679228,0.79375
726392,0.18625
423660,0.0075
986038,0.95125
512858,0.8125
972516,0.0575
627226,0.66375
931089,0.0075
341042,0.75625
515230,0.58125
881715,0.81375
601017,0.66375
321196,0
238140,0.26875
454706,0.91375
713685,0.88125
586034,0
363145,0
618546,0.61
389900,0.96875
697304,0.83375
123977,0.005
213100,0.44875
637906,1
146276,0.09
394873,0
812136,0.91625
470706,0.54375
938544,0.73
518216,0.66125
112732,0.95625
723210,0.4975
145131,0.6925
163291,0.72125
644061,0.095
621022,0.89875
492464,0.64625
445399,0
296809,0
988595,0.08625
240798,0.53625
903961,0
369055,0.05625
837376,0.54875
797247,0.03125
909283,0
487503,0.10875
432880,0.0025
347344,0
631011,0.0125
838035,0
233326,0
998191,0.0275
140839,0.08
163183,0.50375
104246,0.80375
444288,0
523575,0
992584,0.19875
110841,0.01
224396,0
543884,0.70375
351852,0.035
661206,0.21125
851891,0.82375
935605,0.14875
345366,0.12125
741977,0.7925
979407,0.98
789393,0.23125
166529,0.46875
944526,0.02375
698217,0.50375
888132,0.88875
499987,0.04625
507036,0.24625
682545,0.43875
941140,0.75375
763744,0.995
520328,0.0025
286421,0.0075
949283,0
133992,0
291753,0.09875
229161,0
117244,0.005
465229,0
203486,0
326573,0.8475
144256,0
376588,0.6125
236418,0.9625
650667,0.20875
758561,0
528452,0.88875
529232,0
357509,0
354780,0.47375
505467,0.98375
239083,0.0925
297698,0.97625
237937,0.98625
897992,0.98375
800520,0.49
733861,0.52375
348989,0.01
248035,0.735
960606,0.0325
722377,0.34375
740064,0.725
845026,0.8275
482088,0
490281,0.275
497069,0.43375
779225,0.5575
761553,0
906561,0.18
371436,0.0325
495787,0.57125
402118,0
955611,0
121676,0.67625
227388,0.99
350606,0
304200,0.27125
404246,0.98125
801096,0.99375
274785,0.12875
217132,0
895601,0.77875
812539,0.62125
779017,0.8875
215787,0.76125
563398,0
749160,0
674540,0
659728,0
757189,0
689372,0
423537,0.8675
537341,0.34875
894533,0.60875
678090,0.15625
391989,0
589249,0
304628,0
228253,0
155649,0
740952,0
574638,0.0025
968372,0
141599,0.10375
164313,0.7825
316324,0
225653,0.86125
467858,0.755
957244,0
909711,0
547450,0
155393,0
853691,0
643292,0
667379,0.02875
328596,0.015
326099,0.455
991022,0.7725
148780,0
181059,0
983054,0
764549,0
743805,0
182572,0
309209,0.75625
256945,0.08125
364208,0.525
219308,0.775
808463,0
483015,0.0275
719957,0.005
622458,0.0025
479239,0.005
658803,0.76125
383716,0.59125
959374,0
193006,0
779190,0
248013,0
769040,0.18
700789,0.00625
729781,0.28
623324,0.06125
346213,0.7275
777238,0.12625
705131,0.025
215236,0.025
168824,0.25125
656882,0.585
833688,0.7475
601450,0.695
819939,0.67625
480045,0.47375
555018,0.6
771178,0.7725
901933,0.76875
461158,0.485
665516,0.395
759386,0.255
552270,0.1
322528,0.37625
607857,0.345
816104,0.31875
694671,0.75875
267882,0
432744,0.14875
376603,0
258483,0.05625
487008,0
329894,0.0025
271402,0
459663,0
400311,0.375
910344,0.8275
746951,0.15875
387938,0.16375
699923,0.53
195230,0.5825
133230,0.70625
833416,0.1925
267364,0.56125
711970,0.11375
789203,0.725
857018,0.0025
538715,0.005
541007,0.0025
455878,0.2325
302565,0.61875
985370,0.01
560456,0
603173,0.62625
628457,0
388268,0.15125
251154,0.74125
424852,0.6525
105199,0.02125
992312,0.70875
765209,0.745
108127,0.02
425351,0.81875
638074,0.0675
659565,0.04625
558517,0.00875
547753,0.6975
976655,0.60125
917797,0.6275
703168,0.16625
525508,0.13375
128979,0.03125
548717,0.75875
312578,0.96375
717243,0.55
865931,0.095
255378,0.68
512087,0.5175
943939,0.115
474993,0.00375
265274,0.4325
989840,0.9675
317290,0.9975
552499,0.7025
291362,0.35375
345996,0.74125
782923,0
773197,0.655
427097,0.10125
578686,0.41
694071,0.7075
612874,0.21125
780119,0.06
800968,0.19875
726263,0
137958,0.005
418725,0.07125
694951,0.6975
440071,0.18625
688031,0.08125
697105,0.88625
663987,0.8075
722267,0.0175
912466,0.0075
117827,0.385
627381,0.6125
210123,0.9975
804417,0.005
249044,0
165171,0.035
141470,0.4775
174004,0.90875
881535,0.5325
310244,0.15375
664857,0.90125
128106,0.01125
442925,0.00875
415689,0.02875
441444,0.71125
915995,0.03125
186868,0
328068,0.11375
396240,0.8175
115012,0.09
562816,0.02625
426816,0
156416,0.27375
835789,0.38125
954246,0.29125
258913,0.73
998623,0.8175
129586,0.63625
169344,0.87375
684276,0.2275
802937,0.0775
929918,0.8
672763,0.85
471897,0.685
252316,0.73375
822779,0
632920,0.19875
273794,0.00375
625871,0.02
872364,0.485
931309,0.9475
235250,0.6925
793601,0.00375
714141,0
275343,0.05625
897489,0.58375
363346,0.38125
534474,0.36125
530299,0.0425
704580,0
949340,0.7375
583849,0
397235,0.2175
403444,0.3925
402929,0.30875
394105,0
945754,0.3475
440167,0.34
225692,0.505
397673,0.005
408992,0.53
293886,0.1425
856831,0.9125
264460,0.6625
242026,0.68375
951891,0.01625
297465,0.7125
467538,0.0075
921806,0.0025
512517,0.91375
166936,0.17
223401,0.2
750322,0.035
617996,0
360804,0.67625
678468,0.005
837112,0.79375
871021,0.02
125424,0.8325
889824,0.63
691045,0.16125
673407,0.00875
888960,0.08
533912,0.08875
579941,0.19
409871,0.32
681822,0.63
149723,0.35625
776650,0.67125
387050,0.97
236108,0.9825
715484,0.46
835544,0.1925
991425,0.0025
265588,0.47875
661455,0.7525
432661,0.42
917059,0.4375
895195,0
354408,0.25
531087,0.34
519258,0.05125
870206,0.07625
427358,0.1225
192431,0.0125
930198,0.025
558220,0.00125
468428,0
675479,0.0025
259936,0
334962,0
609563,0.8525
218868,0.0025
878244,0.0025
177936,0
234034,0
292807,0.0925
644860,0
747278,0
150383,0.07125
241843,0.24
209383,0.03125
602991,0
546617,0.12375
590750,0.03375
713150,0
407950,0
549833,0.51125
617178,0.30625
963126,0.06125
650085,0.005
755205,0.02
961581,0.2275
790441,0.09625
921538,0.2125
777068,0.2825
772701,0.52375
137422,0.02
790299,0.0125
741511,0.2625
793809,0.045
637234,0.07875
298244,0.39625
754068,0.5975
688977,0.3725
334116,0.16625
154853,0.21625
443638,0.67
629900,0
302111,0.05625
928690,0.03
277360,0.92875
177610,0.915
231504,0.06
526188,0.0875
414483,0.04125
751758,0.0775
536669,0.04375
289363,0.05
605280,0.06125
629876,0.40875
524835,0.01
370775,0.265
578814,0.0425
407255,0.3275
844047,0.29625
422934,0.225
203732,0.2275
918156,0.15625
224391,0.43
481583,0.17125
643564,0.54625
807315,0.215
678841,0.51875
874463,0.2025
636587,0.0075
665870,0.04375
756589,0.02
892787,0.19625
177512,0.04
573012,0.02875
691298,0.06375
919526,0.5225
646457,0.7325
825394,0.095
210048,0
954266,0.38
207937,0.0525
866153,0.0875
687017,0.0025
504830,0.7625
282415,0.51625
462032,0.16625
225823,0.2325
763018,0.06125
295578,0.92875
639228,0.57125
709562,0.29625
470809,0.36125
158133,0.005
933475,0.33
742715,0.01
174475,0.135
779273,0.025
660358,0
391372,0
462792,0
130354,0.01375
799631,0.5125
933470,0.69125
709779,0
206135,0.57875
760387,0.0125
908400,0.0375
314459,0
311839,0.215
940007,0.45375
505747,0.01375
725424,0
705100,0.0975
369509,0.56625
284860,0.73
167335,0.70875
783162,0
732308,0.27625
744883,0.76375
825392,0.47125
420723,0
488152,0
612763,0
127113,0.0025
912579,0
163117,0
718536,0.01
702707,0.18
725780,0.94625
919971,0.07625
990394,0.15625
986692,0.21875
773777,0.08375
133167,0.12
122197,0.045
563042,0.1525
386250,0.2875
766985,0.33
605834,0.005
487525,0
758455,0.9925
497227,0.76875
887306,0
653336,0.0025
429069,0.06
257302,0.08875
751826,0.48125
245187,0.9925
440900,0.055
838877,0.13
518952,0.0425
821981,0.0025
181807,0.06125
688684,0
412611,0.01375
754195,0.3725
980847,0.095
965828,0.09125
206008,0.00875
137193,0.06625
721772,0.03375
599572,0.5
441688,0.0775
205534,0.33375
815782,0.05
296806,0.03875
826788,0.0025
673310,0.01625
528323,0.0375
670219,0.11375
815422,0.14125
220994,0.0375
652434,0.02
627743,0.07875
284680,0.0675
878609,0.045
771514,0.1975
497541,0.255
266507,0.3625
825227,0.705
235816,0.43
892138,0.04875
723362,0
548946,0.07
409523,0.0075
581321,0.9675
557583,0.17125
767864,0.6
153267,0.2675
413662,0.16625
286207,0.98
600312,0.2075
541262,0.01875
827698,0.55375
927513,0.05375
750149,0
974024,0
188075,0.025
172419,0
250231,0.51125
708170,0.8575
830125,0.2725
364942,0.08375
551309,0.185
263649,0
893105,0
337662,0.095
541345,0.80125
891397,0.8
849802,0.005
628148,0.85375
435909,0.84
555024,0.095
910174,0.15625
766720,0.175
735030,0.04875
624620,0.02875
301295,0.4575
435381,0
617859,0.87125
498588,0.90625
359838,0.1775
871134,0.0025
181582,0.13125
758202,0.63375
244417,0.66
117001,0.44625
622192,0.21
585169,0.08875
712199,0.0025
255194,0.49375
695312,0.0075
194320,0.00625
372778,0
904154,0.03625
279636,0.165
343826,0.1525
288504,0
685236,0.08125
455061,0.00625
825281,0.0075
314892,0
419519,0.01
401794,0.00375
749977,0.08625
314109,0
421985,0.05125
214800,0.045
461000,0.25375
777448,0.18
453089,0.08375
246727,0
832214,0.05625
180446,0.03875
328517,0.02
505561,0
247379,0.0425
670579,0.1075
157814,0.48
509839,0
178399,0
289773,0
817138,0
839505,0.3125
432067,0
769147,0.0025
348925,0.1975
650114,0.41875
908632,0.00375
340418,0
810387,0.51125
150687,0.30875
471386,0.35875
903700,0.09
208038,0.12875
962996,0.14875
526746,0.3475
424867,0.0025
783540,0.23875
240946,0
985328,0.7825
332985,0
361603,0.03
199074,0
909994,0.04125
332677,0.025
127047,0
232716,0
262597,0
483966,0.20625
475669,0.63625
927614,0
561115,0.665
937898,0.68625
429875,0.11
701532,0
391431,0.0025
963410,0
815524,0.1125
768546,0
766415,0
288208,0.0025
403103,0.0225
927916,0
907524,0
120991,0.405
984422,0.04625
474220,0.13
245421,0.26625
866780,0.0525
171917,0.2875
705823,0.0025
871096,0
221579,0.6475
794032,0.16375
669859,0
789464,0.0025
213515,0
368636,0.02875
697054,0.035
675981,0.13875
591484,0
198853,0.045
304234,0.3025
152243,0.145
727019,0.01
510478,0
333883,0.08625
724681,0
139030,0.00875
347171,0.80875
271839,0.16625
849825,0.075
408985,0.02625
786160,0.2175
543892,0
946632,0
802052,0
146795,0
715739,0.36375
278964,0.0175
269679,0.05625
574459,0.28625
937996,0.37875
261117,0.775
245645,0
794350,0.905
381363,0.34375
735110,0.10875
801506,0.24125
978137,0.08875
697653,0.01625
866634,0.11625
925303,0.6725
865637,0.23875
983923,0.09375
773299,0
671406,0.0025
227818,0.0075
374201,0.00625
633425,0.005
655332,0
497246,0
843929,0.02375
816436,0.005
533776,0.005
521534,0.02875
910665,0.1275
451092,0
811445,0.155
448745,0.44625
161176,0.62625
339644,0.52625
322083,0.08875
118845,0.68
243418,0
541514,0.075
950876,0.0225
604570,0.03375
828263,0
559156,0.62875
260977,0.08625
379396,0
895348,0.02625
730660,0.53375
879441,0.03125
241918,0.30625
981494,0.51125
647796,0.41875
984617,0.09
171201,0
776360,0.2275
663764,0.3575
926546,0.05625
298267,0.07125
545963,0.0175
846141,0.07
525725,0.035
394553,0.28875
913629,0.205
458037,0.06375
592794,0
963341,0
395790,0.14375
929371,0.02
175452,0.10875
746894,0.10125
826936,0.37125
955895,0.49625
115758,0.06125
729132,0.54
361115,0.03625
269289,0.33125
698961,0.27875
177443,0.31625
977566,0.05125
321729,0.3025
686374,0.01
275276,0.05375
288572,0.0025
365849,0.0025
259037,0.1625
583775,0.0175
808079,0.3075
184689,0.0675
109511,0.1125
626197,0.0075
155002,0
141304,0.04125
115140,0.02
238017,0
110602,0.84125
540044,0.2975
949586,0.0275
358321,0.0375
198629,0.0425
305379,0.0125
399254,0
492964,0.79125
793710,0
769118,0.00125
118672,0.0325
656002,0
661023,0
873281,0.995
243300,0.0075
755047,0.03
116388,0.1975
554928,0.84
358690,0.65875
279912,0.13
285447,0.295
858536,0.98125
996827,0.7375
924108,0.9675
815900,0.76
840838,0.05375
624785,0
959669,0.005
248557,0
785728,0.50625
684791,0.835
392335,0.0125
829535,0.96625
917009,0.61625
700904,0.0575
728608,0.25125
556674,0.98125
593224,0.145
175111,0.04
486132,0.97125
277781,0.98375
604571,0.39875
745599,0.6925
614030,0.5375
765405,0.52625
832631,0.0275
979219,0.87625
426929,0.5
891240,0.005
560633,0.96
651409,0.98
872246,0.02125
609841,0.8775
204518,0.01125
437522,0.53375
919624,0.2125
928167,0.50875
224504,0.99125
927835,0.735
636987,0.82625
275786,0.14875
128048,0.80875
539831,0.39625
587946,0.41375
648360,0.80125
447665,0.055
676499,0.87
321454,0.9875
404589,0.95
515756,0.57875
133808,0.6975
752269,0.63875
612176,0.40375
685428,0.5275
990913,0.46375
567096,0.65375
616510,0.055
613637,0.65875
813364,0.74625
320770,0.49
489390,0.255
765990,0.0125
195841,0.88125
374537,0.95125
876512,0.68625
303992,0.9225
164471,0.89
216011,0.99875
515413,0.0575
624734,0.11125
955816,0.8575
760351,0.8725
441961,0.01875
483768,0.87125
156612,0.0725
957873,0.98
716511,0.21625
446044,0.75625
985602,0.165
668666,0.035
377213,0.76125
704790,0.7825
397193,0.70125
766974,0.15875
694287,0.93875
470523,0.89125
332033,0.0125
665695,0.735
542966,0.94
846045,0.9325
621791,0.7725
100355,0.8875
934162,0.87125
529203,0.91875
422762,0.92
900459,0.7125
257164,0.92625
121537,0.96125
756993,0.85375
643387,0.16125
850891,0.89375
393716,0.06875
312943,0.8975
331916,0.98625
502074,0.82375
397976,0.06625
967548,0.88875
895906,0.75875
361600,0.66375
199332,0.9075
284402,0.96625
895393,0.90125
685970,0.40125
540633,0.95625
751049,0.0175
689836,0.46375
514875,0.63375
244350,0.01125
108328,0.0725
316895,0.83375
258496,0.0275
523342,0.70375
948239,0.79625
312951,0.9325
244127,0.15875
791150,0.96125
885108,0.84375
100046,0.94
641295,0.79
429912,0.48
703679,0.71
887462,0.975
688256,0.23625
748612,0.95625
792287,0.91
603306,0.80375
420721,0.97375
627729,0.37625
327354,0.25
533622,0.9575
692467,0.875
697769,0.795
912098,0.95125
462289,0.94875
773660,0.9875
609759,0.055
943470,0.83
972597,0.03375
461485,0.6875
331784,0.1275
134307,0.86875
986560,0.34875
236266,0.04875
400716,0.98
552938,0.04375
158229,0.19125
937881,0.045
803307,0.90875
357393,0.74
196327,0.38125
936581,0.03
727563,0.84625
490466,0.6825
659459,0.9925
133457,0.94125
323730,0.015
256617,0.9825
978505,0.825
866788,0.99125
686645,0.065
345945,0.98
715340,0.63
550298,0.05125
808921,0.07
155047,0.93
308561,0.855
492440,0.6525
806302,0.7425
940283,0.995
227704,0.98875
686518,0.9275
767844,0.80375
775489,0.9575
734480,0.49
508726,0.41125
835910,0.585
802844,0.6675
124703,0.0475
756938,0.17625
965272,0.0275
613531,0.29125
591467,0.005
569434,0.32875
166732,0.03
555421,0.88375
588533,0.5525
772042,0.83375
553538,0.74125
725734,0.07375
172194,0.90875
666486,0.15
285248,0.235
995646,0.72375
499084,0.79
465911,0.89
619176,0.9675
783139,0.77625
266838,0.97875
240995,0.74625
566189,0.47375
143950,0.9725
632434,0.9025
909239,0.985
885989,0.2325
702384,0.9875
395166,0.1575
901397,0.66875
776786,0.50375
349682,0.0275
658826,0.93
458692,1
190969,0.9425
743806,0.0325
990349,0.835
313772,0.8825
387088,0.70625
195380,0.82625
390233,0.87625
122524,0.84625
528204,0.24625
289328,0.99
529509,0.4025
430758,0.97375
561180,0.88875
253130,0.86375
262689,0.7975
449528,0.2275
736882,0.005
418822,0.7825
434034,0.565
880153,0.92
418124,0.0175
784505,0.33
459329,0.83375
516189,0.73125
923730,0.05625
716896,0.60875
155576,0.58
290140,0.98375
196942,0.985
545488,0.015
288761,0.955
594325,0.8225
679424,0.7075
167823,0.85875
479928,0.845
489484,0.96625
930323,0.005
330519,0.91625
925755,0.84
338276,0.65625
979545,0.7925
746545,0.5825
637674,0.00875
855613,0.92875
265535,0.89625
644190,0.6475
422936,0.87625
953760,0.92625
223280,0.9975
141058,0.23625
382020,0.91875
599771,0.93375
211765,0.775
188550,0.7975
873892,0.87
804658,0.10875
775849,0.2
668761,0.97875
805173,0.92875
646721,0.7625
111176,0.625
829076,0.025
407554,0.955
202618,0.97125
961913,0.84
532892,0.235
736662,1
397576,0.99
354840,0.97
418011,0.0425
308721,0.99375
156371,0.8725
444880,0.7025
768904,0.425
764796,0.49875
923424,0.92875
459221,0.9875
838601,0.99375
703208,0.89
442836,0.0075
170381,0.9775
438015,0.92625
510666,0.85375
577196,0.88875
169496,0.635
453347,1
171967,0.15375
945409,0.925
222094,0.95875
593351,0.56625
567455,0.9975
751499,0.87125
167300,0.5225
857131,0.7925
784099,0.91625
225355,0.9275
173526,0.65
777563,0.895
314881,0.9925
459830,1
901985,0.9875
725707,0.825
959017,0.92125
197851,0.65125
402685,0.7225
851722,0.63625
482065,0.95375
531856,0.6925
452467,0.87125
203880,0.8725
932793,0.885
682781,0.10875
890767,1
472089,0.75
638088,0.95
420145,0.9625
778396,0.98
639630,0.9775
136569,0.97125
596524,0.95375
830595,0.99625
225742,0.9875
874379,0.97625
365571,0.2725
654527,0.145
695073,0.9725
298355,0.96
121092,0.825
832169,0.98
793089,0.425
883269,0.9
219999,0.96875
817411,0.0075
837574,0.88375
720886,0.23875
157311,0.98
379673,0.8925
922167,0.49375
418609,0.90375
128881,0.97625
785724,0.98375
364011,0.97
895731,0.87125
516229,0.98875
176993,0.47125
862341,0.93125
182216,0.75625
751410,0.85875
920570,0.98125
528773,0.83875
898745,0.94125
681615,0.37125
269821,0.88625
864110,0.12125
688587,0.77125
110410,0.5425
474332,0.87
415748,0.815
993258,0.92125
613056,0.1075
796944,0.98125
548663,0.89
389632,0.97125
481460,0.9775
699142,0.6125
412650,0.9025
445904,0.945
758102,0.65875
602544,0.6325
109525,0.715
713897,0.69125
548159,0.8725
519851,0.025
309927,0.02125
246787,0.97125
992122,0.93375
542365,0.105
460369,0.8075
873933,0.98875
537537,0.91
908481,0.50375
512528,0.9975
844674,0.98125
483992,0.88625
487737,0.14125
145304,0.985
583746,0.985
127370,0.915
928016,0.55625
895315,0.93875
844622,0.91625
314388,0.97875
404611,0.88125
130333,0.555
298106,0.39125
712389,0.91375
533855,0.8175
366357,0.9625
830707,0.86
241264,0.915
692924,0.815
647535,0.97
705870,0.88625
546873,0.85375
647571,0.82875
497883,0.895
343745,0.8725
625687,0.89125
407801,0.875
370975,0.94875
439152,0.52125
712440,0.1975
774192,0.11625
963723,0.89375
851780,0.97125
126435,0.965
357295,0.06125
641921,0.995
628135,0.91625
231469,0.955
984155,0.98
736149,0.02625
893154,0.93
320304,0.73375
748355,0.965
253540,0.9575
257241,0.92125
842150,0.845
340655,0.335
381384,0.85
838128,0.26875
710943,0.7375
126090,0.7825
707396,0.81
929684,0.725
110047,0.95625
139894,0.96625
868405,0.16375
803560,0.0175
313592,0.915
377297,0.25375
746357,0.955
368339,0.785
479602,0.77375
198552,0.80375
169192,0.80375
415849,0.7025
816623,0.72875
810946,0.90375
933679,0.79625
584226,0.985
305939,0.965
963268,0.77375
533168,0.0725
255810,0.7575
467921,0.84625
993034,0.17875
216071,0.9975
112364,0.895
597942,0.11375
294928,0.7975
133569,0.9525
383596,0.975
199982,0.07125
982962,0.95625
196021,0.05
702429,0.72375
905025,0.9875
494939,0.81
146849,0.92375
375630,0.89125
634343,0.95875
866135,0.12625
737391,0.7925
217453,0.98125
843477,0.90375
536211,0.97125
305594,0.9925
866424,0.87625
350973,0.93375
522874,0.83375
309839,0.815
211515,0.9175
301993,0.84625
752195,0.91125
759151,0.05875
414148,0.25625
499414,0.9975
821615,0.9875
826148,0.93875
235068,0.74125
181351,0.855
326274,0.94375
154916,0.97125
317840,0.82625
554800,0.91125
330453,0.17125
935609,0.94875
381367,0.72875
739224,0.87375
717817,0.9825
638524,0.34625
323089,0.9875
503346,0.9875
545207,0.155
161626,0.66375
886214,0.7025
785585,0.77625
423938,0.80875
703399,0.9525
637351,0.6775
761977,0.8875
611321,0.39
741351,0.005
915305,0.69875
465547,1
910754,0.94125
642234,0.99125
242804,0.79875
491545,0.96125
146172,0.39
448341,0.96
297856,0.80875
214598,0.64375
610591,0.965
484065,0.5125
979431,0.6275
634735,0.98625
453690,0.54625
795213,0.66
136288,0.96375
894691,0.15125
306292,0.305
206556,0.7475
289854,0.045
572028,0.96375
322873,0.95125
984326,0.62375
662995,0.99125
300111,0.25875
878582,0.97625
144757,0.63375
262778,0.74625
949574,0.96625
435430,0.99
780973,0.535
583123,0.01875
470720,0.99125
127569,0.015
564007,0.66125
511418,0.97625
534897,0.13375
781129,0.96
432666,0.75375
583749,0.9575
113333,0.645
472065,0.78375
755922,0.48375
760465,0.485
349566,0.44
704833,0.5725
310644,0.03625
845811,0.935
511823,1
690672,0.9775
409476,0.93125
569908,0.73875
736751,0.53375
177543,0.735
311262,0.865
320337,0.1625
711999,0.9125
119642,0.94
941427,0.01625
567977,0.00125
305952,0.97
164330,0.80125
827469,0.54375
132078,0.95625
267966,0.11375
618666,0.9025
290598,0.83625
259097,0.52
837519,0.49625
715929,0.9425
201305,0.80875
624784,0.65625
986965,0.0325
920380,0.8875
336725,0.79375
708187,0.9975
235953,0.13375
879948,0.7175
611954,0.995
614592,0.31375
744800,0.05
733471,0.10125
740984,0.04875
705182,0.58625
518492,0.95625
905811,0.90125
717031,0.69375
692792,0.71375
463431,0.08375
611920,0.0075
298014,0.9775
807588,0.86125
886735,0.8625
221995,0.43375
218939,0.68375
542773,0.91125
585510,0.51375
310372,0.93375
122606,0.48875
385862,0.005
831146,0.97375
837712,0.785
757903,0.18625
837043,0.81375
657113,0.97875
667720,0.74
628236,0.93
624188,0.355
300693,0.27125
642428,0.07875
412528,0.28125
662173,0.3775
841677,0.7725
724384,0.61875
502495,0.635
620360,0.75125
980403,0.1975
410909,0.955
875663,0.9525
163369,0.91375
560190,0.63375
814255,0.40125
598805,0.7125
934964,0.995
612144,0.93625
276054,0.8825
425580,0.50625
648017,0.98875
928379,0.87125
242269,0.69875
965129,0.7075
393410,0.895
495854,0.4525
427443,0.98375
957286,0.97375
281423,0.035
469860,0.8325
508294,0.15
825173,0.22375
610894,0.10125
184840,0.02
482534,0.26125
665268,0.87375
693227,0.54
706773,0.14
343637,0.0075
879791,0.11
752526,0.14375
307120,0.94625
271039,0.66
128415,0.025
818251,0.83625
145008,0.09375
984885,0.9325
540014,0.62
819631,0.0325
876460,0.54
295802,0
417399,0.975
666046,0.90125
257154,0.9825
574509,0.87125
231734,0.005
763217,0.32375
432369,0.25125
755427,0.74125
353596,0.84625
236584,0.76875
499072,0.9775
721601,0.9325
809087,0.88375
136393,0.24625
853517,0.92125
945090,0.77
592427,0.01
126584,0.95125
154903,0.93375
479222,0.84625
326437,0.87
181480,0.285
825437,0.965
365759,0.96
363141,0.96875
420471,0.7875
495759,0.855
446920,0.895
780408,0.51625
499081,0.10125
913333,0.035
721982,0.8825
633899,0.0025
693685,0.315
602956,0.47875
660689,0.775
941592,0.07875
684284,0.73875
356653,0.05875
465954,0.00375
474427,0.2175
636275,0.875
923632,0.8225
669851,0.90875
147682,0.9
823797,0.64
121400,0.0225
394685,0.965
204925,0.98625
635994,0.93625
172408,0.77625
263887,0.98
176510,0.66125
214226,0.93875
342215,0.98375
951697,0.79625
551055,0.7
859568,0.75625
438382,0.145
299855,0.25125
183564,0.445
420134,0.94125
972024,0.95875
702038,0.00375
824721,0.94125
392271,0.98375
645613,0.49125
765106,0.0725
278402,0.985
349774,0.0325
815164,0.895
524083,0.7125
151896,0.3575
688029,0.76875
780279,0.95
657276,0.87125
933199,0.8425
995073,0.37875
622077,0.78625
807889,0.9325
514755,0.9825
513655,0.015
107371,0.56875
288170,0.0075
681872,0.84625
559373,0.74125
593937,0.99
365669,0.42875
423615,0.965
733542,0.76375
883328,0.88125
978575,0.82
706336,0.93
919692,0.46375
153645,0.0275
672185,0.7525
327846,0.89375
212580,0.58875
308534,0.1825
922478,0.95625
962358,0.935
298120,0.8275
370144,0.03
387619,0.6025
742489,0.40125
596205,0.9125
548221,0.965
414296,0.87375
359126,0.92125
229538,0.97125
668632,0.92125
529181,0.08
271908,0.91625
977949,0.58875
948558,0.93375
123774,0.90375
303606,0.74125
110533,0.66
627789,0.7675
929495,0.9325
515576,0.18125
553413,0.7325
814961,0.4875
942972,0.49625
872771,0.1125
266326,0.77375
801478,0.9375
101204,0.73375
719359,0.92625
563253,0.85375
522534,0.1725
546447,0.5425
340840,0.88625
963232,0.85
102279,0.9325
694049,0.915
731671,0.26375
919409,0.83
366247,0.20375
223989,0.76375
187654,0.94
389075,0.00875
109190,0.78
730685,0.51
275979,0.92875
543472,0.96375
522266,0.9825
253640,0.85625
194281,0.91125
854210,0.985
678276,0.42625
185059,0.98375
185273,0.255
631628,0.7525
481574,0.93375
192176,0.71125
821517,0.62625
886677,0.78
485175,0.90125
597678,0.02625
563413,0.68
131384,0.28125
528863,0.03
911414,0.115
488582,0.9375
305087,0.7825
404859,0.9575
848056,0.8325
952729,0.59625
322115,0.61875
206351,0.8925
106497,0.7825
191981,0.2425
977328,0.71875
587221,0.97375
270018,0.395
113391,0.96
817447,0.9625
564863,0.92625
824813,0.905
616039,0.9575
125290,0.92875
837913,0.95125
120292,0.31875
229866,0.42
602930,0.855
586572,0.6975
616488,0.25875
129548,0.7425
777995,0.78625
979916,0.22125
891951,0.12375
327484,0.005
417241,0.2175
565793,0.51875
838933,0.95125
151975,0.88
217204,0.7275
335557,0.79375
903726,0.9225
897668,0.7225
426446,0.6725
472368,0.59
765768,0.46375
668315,0.8875
748292,0.80875
497339,0.86375
564642,0.01
325553,0.4625
258522,0.5375
944803,0.10375
646570,0.575
571260,0.8625
617522,0.63625
381908,0.8075
299370,0.9525
539348,0.9
720558,0.8825
907064,0.69625
410916,0.9525
281978,0.9325
491261,0.92875
472861,0.01
622154,0.96125
925308,0.94375
869562,0.26
136111,0.79125
698888,0.9475
546332,0.8375
879788,0.97625
464466,0.88625
869500,0.9125
185828,0.82
663551,0.15625
656963,0.065
178460,0.715
821810,0.90125
410038,0.63875
426828,0.9475
726279,0.93
462909,0.665
900502,0.13
537879,0.005
376276,0.8325
714151,0.94125
475509,0.0225
171352,0.625
165689,0.5225
155783,0.85
446914,0.82875
597103,0.80375
455980,0.96
762498,0.0025
351765,0.57875
927363,0.85125
760588,0.82625
172483,0.84875
420228,0.83625
414861,0.695
477436,0.0025
251088,0.55
598012,0.0125
156805,0.79625
379207,0.9025
857605,0.6125
776851,0.77
361854,0.0575
333548,0.32125
193213,0.90875
322942,0.3925
236975,0.87
215658,0.89125
157022,0.62125
955450,0.7
288789,0.45
173718,0.91375
556716,0.84125
437612,0.71625
275864,0.8675
832969,0.7875
898404,0.76875
856774,0.7
577565,0.5975
584654,0.8
687247,0.025
150748,0.045
724614,0.01
818516,0.92875
509051,0.50875
703500,0.3625
586537,0
453462,0.79625
305736,0.37875
146257,0.005
630894,0.36
679096,0.83
721304,0.845
107959,0.56625
852263,0.665
561620,0.20625
532060,0.76125
431232,0.34125
801814,0.78875
468883,0.56875
284060,0.64375
947905,0.75
962087,0.185
789852,0.94375
743505,0.9825
112291,0.79
681384,0.47125
547289,0.8575
516533,0.82375
805363,0.34
385265,0.0575
195842,0.02
564034,0.5175
890163,0.89625
804255,0.69875
282490,0.56875
126528,0.22625
881701,0.88875
970652,0.8375
354617,0.8425
258405,0.1125
867340,0.85
250724,0.26375
340846,0.39875
532620,0.50125
807300,0.6975
265589,0.575
653407,0.4025
433335,0.05375
951281,0.78375
239023,0.66375
413968,0.82
283657,0.98125
442616,0.63625
664806,0.3325
834197,0.4775
468196,0.64375
361273,0
844092,0.42875
659794,0.00625
520948,0.005
613979,0.0025
328882,0.0075
475464,0.6225
405822,0.99
161785,0.80625
155537,0.36375
489176,0.41625
787557,0.71375
940272,0.9225
295277,0.97625
967064,0.81375
403234,0.985
595696,0.96375
651447,0.18875
481404,0.97875
408736,0.97375
852624,1
995809,0.9675
262405,0.9925
363090,0.9325
543781,0.44
344584,0.83375
251483,0.7975
626170,0.8975
917727,0.9975
986822,0.96125
728650,0.84875
709338,0.98
334739,0.0275
555067,0.7075
291838,0.70375
323964,0.85875
591998,0.99
596896,0.74
559143,0.66875
743275,0.365
213520,0.7675
558557,0.70125
300586,0.02875
581664,0.24
316936,0.45375
264280,0.57375
254447,0.03875
735966,0.65875
441627,0.61875
768529,0.63125
323237,0.91875
614086,0.885
543999,0.03625
251594,0.9825
473892,0.16
804531,0.54125
977105,0.93
524060,0.89625
861107,0.995
806876,0.995
433010,0.57
858921,0.6
346280,0.56625
305653,0.54
258123,0.83
724891,0.9125
708463,0.6125
568027,0.605
388724,0.4925
151811,0.11
990422,0.0675
797318,0.0175
554160,0.00875
574033,0.9425
387989,0.81625
831848,0.84375
355301,0.01375
681810,0.005
584248,0.99
941775,0.3675
392916,0.74
201973,0.65
436573,0.69375
565424,0.1
655859,0.68875
403791,0.0875
900852,0.1625
274633,0.9875
222335,0.9925
951367,0.56375
480589,0.53125
753457,0.4025
109004,0.085
933850,0.56375
231830,0.165
739242,0.77875
503727,0.815
536826,0.1725
354750,0.825
882166,0.635
482832,0.5675
157849,0.0025
859893,0.59375
855860,0.07125
335164,0.47875
539940,0.3325
821283,0.02
773248,0.7725
466352,0.8375
509676,0.555
436370,0.085
224701,0.4825
224915,0.57
253677,0.26875
158011,0.36
677984,0.0075
930657,0.755
505714,0.0425
898923,0.79875
356305,0.06375
353811,0.06125
759478,0.0925
962371,0.065
332551,0.01
118622,0.015
453865,0.0025
268733,0.0025
377976,0
988323,0.12625
564659,0.10625
498990,0.5975
233141,0.22125
394569,0.25625
935366,0.18125
466186,0.23125
187725,0.16625
148740,0.0175
430145,0.03
364750,0
457030,0.78
225770,0
735521,0.035
475821,0.08375
553012,0.9925
124823,0.67125
924696,0.80875
247666,0.84125
646949,0.165
518852,0.8375
335657,0.86
512253,0.9925
380305,0.55125
687822,0.08875
414221,0.32875
396384,0.31875
643155,0.8675
150033,0.0225
628906,0.78375
431009,0.9975
474164,0.83375
578173,1
169847,0.9775
484361,0.9825
924732,0.9925
240378,0.94
259273,0.83625
622999,0.93625
609213,0.8375
594087,0.91375
273448,0.66125
511639,0.6525
576240,0.88125
443545,0.41125
228214,0.76625
869946,0.83
938848,0.5425
826951,0.505
884989,0.69125
383977,0.06
636805,0.965
592259,0.5175
157209,0.64625
488645,0.96875
887374,0.2575
253363,0.20375
851274,0.2425
490183,0.76875
799675,0.84
930687,0.2675
723920,0.6575
274794,0.46125
893281,0.9075
492437,0.1225
825036,0.92
140972,0.09625
426997,0
853342,0.695
282634,0.07
902498,0.09625
138500,0.92375
273422,0.97375
363036,0.9325
834042,0.73625
546983,0.41125
542131,0.975
117604,0.9525
565723,0.6375
895355,0.99375
545374,0.995
401690,0.87375
739537,0.07125
231426,0.39625
205112,0.5325
946134,0.17
414453,0.55
428578,0.78375
449450,0.9375
659933,0.23
333289,0.23
686507,0.93875
596004,0
746873,0.005
516805,0.02
219541,0.015
675165,0.00875
869144,0.0225
430505,0.00625
404887,0.035
974307,0.62125
116373,0.76375
964693,0.50125
495598,0.8625
434453,0.6575
701598,0.615
717910,0.89625
553184,0.72125
214492,0.03
658145,0.25
178739,0.21125
440506,0.97875
218588,0.095
106091,0.2
590079,0.09125
302575,0.98625
899376,0.0075
490422,0.9125
718144,0.74875
120895,0.965
345665,0.99
951626,0.95875
201041,0.025
157735,0.33875
760182,0.3875
311614,0.05625
816721,0.0225
549683,0.17
733030,0.315
190589,0.89875
913926,0.13
689909,0.1575
952913,0.28875
626637,0.04625
272529,0.135
791605,0.13625
814855,0.0575
989059,0.0775
833461,0.17875
496440,0.14125
676667,0.07875
857616,0.03625
733144,0.95
532488,0.92
977891,0.69875
587007,0.95875
188020,0.78
790623,0.94875
573980,0.93
604859,0.265
249157,0.39
515370,0.46375
164504,0.0725
589154,0.7875
483748,0.955
439472,0
193414,0.6825
523499,0.95625
210807,0.7975
915487,0.715
807036,0.20375
100198,0.88875
747263,0.11875
254105,0.76
591157,0.77375
276135,0.0075
399831,0.1825
698658,0.2875
134778,0.23
604519,0.64
373047,0.325
126015,0.44125
242328,0.31375
249770,0.46625
560217,0.85125
366271,0.7525
328589,0.1475
184190,0.97875
930384,0.9875
966855,0.0825
169508,0.8425
244890,0.70875
320432,0.16625
556519,0.005
219811,0.355
611714,0.3025
455279,0.01125
844716,0.0875
442469,0.0125
470373,0.075
120320,0.09625
638460,0.06375
989806,0.77
341001,0.6575
692106,0.00375
371759,0.03125
289530,0.1
645007,0.02625
644936,0.7625
240709,0.91875
547750,0.60875
262502,0.44625
286957,0.0775
744063,0.99
896203,0.0175
510480,0.16125
120230,0.9725
888352,0.67375
577692,0.68125
779227,0.98125
212400,0.065
348904,0.81125
364491,0.00375
116897,0.0175
557126,0.2075
444028,0.07
364662,0.13875
931155,0.0525
493605,0.0025
656891,0.11125
300113,0.71875
495957,0.085
499577,0.7575
100990,0.06125
658251,0.575
125291,0.025
378168,0.1125
732198,0.01875
281923,0.28875
738571,0.5875
110582,0.02125
633458,0.9075
149147,0.61
838475,0.015
524386,0.02125
227493,0.93875
387997,0.00875
705257,0.65875
450680,0.54875
870016,0.9775
813614,0.9375
554341,0.81875
414402,0.2975
516833,0.9575
483707,0.02375
929197,0.21125
234050,0.63875
750389,0.565
431529,0.8875
978731,0.745
453838,0.08125
881055,0.8075
129546,0.80875
248673,0.9725
197195,0.845
954576,0.965
243751,0.94
904498,0.7975
378368,0.93125
845948,0.63375
707539,0.95625
119799,0.49375
249750,0.0425
331285,0.645
784276,0.01
533116,0.9875
360837,0.67375
686002,0.38125
584753,0.83125
511340,0.95875
535333,0.955
686054,0.4
713814,0.955
632296,0.6675
485246,0.90125
119241,0.32
398298,0.135
130550,0.935
242864,0.91375
828282,0.66125
827735,0.8075
390090,0.5
289516,0.89
686085,0.5225
458169,0.23875
241685,0.70375
424608,0.75125
420129,0.86625
611822,0.83375
493832,0.82625
783782,0.73875
457941,0.01375
442417,0.7425
162439,0.92125
741390,0.1825
764040,0.905
276284,0.94875
760937,0.93875
305801,0.95625
558444,0.92375
576302,0.98375
268491,0.9875
606398,0.21375
978947,0.0725
946600,0.9625
691556,0.09875
529768,0.91375
219751,0.96375
910942,0.9475
142557,0.24
559580,0.9425
734937,0.92625
329597,0.165
429602,0.90375
862046,0.88
951201,0.975
709163,0.07875
232937,0.93375
415789,0.77125
457094,0.1125
276545,0.955
858587,0.9375
381147,0.73375
978266,0.95375
193125,0.17875
711618,0.09375
320774,0.5975
375327,0.895
432864,0.02375
915527,0.6525
919875,0.0425
816610,0.9225
241062,0.175
250697,0.83625
974397,0.595
888186,0.0575
898646,0.28375
475805,0
413973,0.92625
955747,0.92875
192329,0.08125
311731,0.92875
164958,0.95125
357239,0.89625
790022,0.9225
557496,0.955
349532,0.94875
749237,0.0125
902104,0.70375
518192,0.885
522578,0.2975
385039,0.25625
174104,0.34125
539859,0.975
736152,0.95375
843346,0.00625
428782,0.95375
382080,0.9825
317820,0.05
996850,0.925
132501,0.87125
656836,0.8525
480507,0.34375
411259,0.8775
479428,0.7175
842462,0.03875
468153,0.87125
607223,0.88
813804,0.9275
500666,0.915
797647,0.89875
107125,0.93375
221039,0.95625
255600,0.98
872207,0.17
558177,0.77875
753763,0.97875
772803,0.97
146062,0.03125
801875,0.9225
468193,0.0975
723544,0.01375
998387,0.77625
336535,0.915
248446,0.94375
906679,0.89625
687030,0.7875
321220,0.06125
798824,0.995
245074,0.76625
681208,0.245
926385,0.035
209382,0.75625
687878,0.78375
189254,0.57875
429968,0.87
991885,0.91375
656043,0.9425
828328,0.8875
349177,0.97125
854864,0.75625
728621,0.24
465539,0.9875
225093,0.9225
309960,0.94875
852707,0.9325
610460,0.92375
154197,0.05375
119515,0.88625
914297,0.01
840112,0.8625
113822,0.80375
196601,0.75625
880572,0.98125
697492,0.93625
685919,0.935
909289,0.9875
369716,0.015
312319,0.8175
982902,0.9525
679000,0.955
704418,0.02
542882,0.21125
834310,0.895
623896,0.98125
168195,0.92375
792108,0.8775
614043,0.1325
272488,0.7025
208097,0.0275
433081,0.9975
585375,1
592573,0.15625
377155,0.71375
770662,0.015
543212,0.4
560290,0.87125
919901,0.815
208943,0.035
303657,0.02125
955719,0.88125
401711,0.335
617681,0.855
849748,0.92625
159886,0.94875
464029,0.89625
774631,0.9175
406411,0.8625
756744,0
512800,0.97
628842,0.00625
718465,0.01625
568209,0.915
561005,0.02375
521789,0.665
781609,0.99375
888343,0.83125
945667,0.0975
645685,0.96375
994791,0.7925
727636,0.86375
978604,0.8975
790823,0.755
963737,0.015
953280,0.91
804742,0.96
723831,0.91375
851787,0.33375
164296,0.78
874080,0.9975
242612,0.9925
169029,0.0825
401669,0.1575
269183,0.16125
988731,0.0475
636918,0.14875
116840,0.14375
583429,0.13125
820262,0.15125
995190,0.1575
281226,0.86
413113,0.86875
359359,0.91875
389252,0.975
589866,0.15625
614109,0.3025
295344,0.61875
866811,0.73625
336913,0.93125
999666,0.995
689598,1
383775,1
590587,0.9975
466316,1
160385,0.04625
686039,0.95625
401733,1
530975,0.99625
493491,1
346733,0.9975
871954,0.17625
628628,0.92
486546,0.995
662811,1
778646,0.18
941256,0.0425
280359,0.28625
488109,0.93625
760951,0.61125
174870,0.10875
231487,0.20375
610359,0.135
128373,0.28375
778312,0.97375
407538,0.95625
898965,0.53125
350361,0.14125
567866,0.805
104276,0.83875
287752,0.04875
743846,0.25875
943660,0.6625
938804,0.99
480366,0.99
492839,0.96125
136929,0.87
768724,0.245
254863,1
840106,1
776695,1
564135,0.02
331832,0.80125
616013,0.38
343638,0.81125
778598,0.99
963060,0.82125
388324,0.87
778361,0.98375
857760,0.11
293387,0.9975
780760,0.17125
881504,0.34875
927057,0.98375
297324,0
604752,0.9225
137684,0.025
908519,0.6375
495001,0.955
930848,0.89875
924519,0.99875
573564,0.9475
423978,0.915
952415,0.975
767718,0.9775
510883,0.975
760003,0.885
124006,0.69
847657,0.61875
714902,0.28875
893768,0.22625
463634,0.09625
967799,0.1175
842085,0.03625
822721,0.05125
559614,0.0925
695069,1
102724,0.995
352577,1
999583,0.56625
769940,0.05
334168,0.00375
276008,0.9975
539016,1
680593,1
644544,0.99
948002,1
275534,1
368442,0.67875
546377,1
844147,1
400398,0.9975
102038,0.9975
924369,1
993969,0.93
698794,0.995
358207,0.9875
284352,0.97125
550800,0.99375
982698,0.99125
129984,0.925
736087,1
748489,0.9475
532270,0.9975
138108,0.9975
513106,1
510225,1
460545,1
523954,0.9975
316975,0.4775
376465,0.9825
986447,0.9775
131475,0.9975
439744,0.92
231299,0.95625
915583,1
701628,1
594892,0.9975
955190,0.91375
169957,1
650335,0.2875
493254,0.06625
428831,1
354410,0.95375
528524,0.98875
515788,0.0175
323634,0.05875
312699,0.94875
485540,0.22875
406073,0.85
470608,1
315233,0.12
439009,0.5825
501890,0.9525
239505,0.615
185887,0.005
911273,0.04375
613686,0.6025
698696,0.0025
764034,0.00875
592164,0.01
742708,0.0025
566445,0
242771,0
865334,0.00875
584153,0
658661,0.00375
461560,0.1625
149250,0.0075
563986,0.0025
965055,0.09375
393140,0.08875
130013,0.9
346370,0.95875
193848,0.00375
842914,0.00625
531187,0.83625
707890,0.03
588697,0.005
291458,0.0025
299057,0.0025
330522,0.055
106390,0.01375
347968,0.0075
440738,0.0275
382251,0.0175
486419,0.0025
567128,0.92625
325861,0.91125
726507,0.7325
703795,0.46375
217867,0.9225
603482,0.7225
688056,0.0375
834545,0.04875
501493,0.92375
696056,0.95
683168,0.91875
214056,0.90875
177721,0.9575
742611,0.9925
482286,0.88
387392,0.87625
143089,0.7525
391323,0.98375
810722,0.15125
374336,0.85125
629976,0.86375
272348,0.90875
581128,0.015
627481,0.05125
679650,0.27875
542585,0.05125
455604,0.8025
421216,0.98125
867513,0.6275
417988,0.94125
232061,0.9475
744647,0.94625
629394,0.49125
173518,0.44125
938400,0.1725
574685,0.2475
768041,0.0175
537084,0.96
646875,0.98375
247576,0.13875
931761,0.9425
126786,0.04125
292596,0.99875
707208,0.925
681409,0.635
426390,0.595
577090,0.8725
709766,0.7925
616356,0.9775
135010,0.06375
967706,0.91875
188325,0.02375
330521,0.96125
443690,0.19875
793663,0.16875
898515,0.26375
956012,0.195
943595,0.05125
214097,0.17625
515367,0.1925
758347,0.09625
288197,0.07875
707055,0.185
890820,0.15
261760,0.18875
281623,0.155
256425,0.10125
445913,0.75625
446281,0.385
339762,0.93875
567108,0.0525
146376,0.04375
173881,0.87
432644,0.44375
317321,0.0075
240496,0.04875
232811,0.71625
313733,0.98625
556527,0.005
644204,0.0075
188099,0.0425
220697,1
557814,0.98
408776,0.14625
673439,0.97625
756134,0.94625
291151,0.97375
559265,0.9525
439117,0.94375
822092,0.92
767977,0.73125
797135,0.78875
351505,0.87375
346073,0.925
258317,0.2175
675332,0.995
544096,0.8625
485677,0.9875
475350,0.1725
614583,0.015
607159,0.08125
189457,0.99125
655376,0.935
601691,0.8425
897458,0.1475
957180,0.64875
416396,0.89125
439867,0.16
479035,0.9125
829926,0.955
245209,0.69625
975931,1
571337,0.98375
192470,0.0575
477050,0.88
924397,0.0125
319457,0.94875
727991,0.9675
355819,0.06
151355,0.09
802435,0.0625
281922,0.10375
135896,1
332914,0.05
215941,0.81875
660016,0.8875
131607,0.79375
672913,0.93625
868682,0.95875
975233,0.9325
909215,0.8775
517111,0.0025
317244,0.0375
663721,0.20125
609461,1
797866,0.42875
761127,0.925
662525,0.8425
641715,0.865
996078,0.87625
742778,0.8575
314159,0.9325
186188,0.13
731345,0.0525
127213,0.83125
599964,0.8825
367523,0.025
179769,0.84
678033,0.845
848332,0.995
329476,0.9775
302530,0.9925
169782,0.89375
452324,0.18375
187088,0.1825
607598,0.3675
415198,0.0125
798641,0.96875
713750,0.9925
647783,0.00625
616133,0.97875
656100,0.0125
965844,0.8125
492910,0.0725
252057,1
836680,0.91125
660965,1
457630,1
957757,0.93375
649626,0.94125
165308,0.05875
837618,0.8425
624031,0.81
976991,0.83375
545350,1
423670,1
488038,0.9925
639173,0.9975
760315,0.98625
423873,1
100574,0.85125
588783,0.85125
954515,0.87125
965351,0.98875
207801,1
463859,0.83375
378715,0.9575
906669,0.96
799056,0.9925
873052,0.88875
961400,0.9925
470618,0.945
406723,0.02625
656305,0.97375
259829,0.10125
817484,0.27375
617997,1
476785,0.04
447110,0.9325
192634,0.99625
323718,0.9925
900433,1
468187,0.83125
212197,0.9975
758331,0.95
775817,0.02375
824390,0.9925
584002,0.91
395967,0.88
455796,0.08875
560840,0.945
724661,0.94
728911,1
811063,1
629122,0.00875
144833,0.96875
134929,0.95375
756218,0.03375
969229,0.86625
473230,0.96375
699982,0.9975
813020,0.1625
226052,0.94
908672,0.9925
572572,0.94
862569,0.965
854085,0.05125
815888,1
584824,0.9525
661165,0.98125
951169,0.4475
745920,0.78375
571424,0.9925
723249,0.995
451597,0.96875
204248,0.95625
253996,0
780475,0.9
197008,0.905
704205,0.98625
980199,0.98875
286899,0.87
412980,0.92
607130,0.85375
266401,0.95125
501565,0.0075
824870,0.03875
521264,0.92
270535,0.9925
108283,0.86625
155463,0.02
610960,0.97
491490,0.99
757434,0.9825
151119,0.98125
371017,0.66375
189365,0.985
485276,1
460787,0.85875
144254,0.79
501504,0.95625
671987,0.99375
781829,0.905
835687,0.995
631477,0.98375
692249,0.985
939049,0.985
660755,0.98375
465370,0.43375
969012,0.98125
148838,0.01
709565,0.70375
666712,0.8425
739092,0.97
273965,0.005
573238,0.0025
900575,0.005
752218,0.0075
719008,0.0275
243273,0.0075
809291,0.0025
658835,0.105
173886,0.655
357549,0.0025
515365,0.00125
576611,0.00125
663731,1
328538,0.8725
577651,0.73875
391134,0.9275
801443,0.04375
118719,0.81125
815584,0
417917,0.95
279306,0.26125
658426,1
135142,1
933311,0.01125
697872,0.19
772535,0.93875
627115,0.97
692903,0.875
368332,0.7475
248497,0.9975
696161,0.33375
810964,0.7425
233278,0.6525
203386,0.93375
292198,0.79875
369826,1
745223,0.8375
832923,0.22625
826365,0.0025
889273,0.0125
149866,1
404877,0.6525
459408,0.905
986069,0.99
293673,0.9525
294007,0.0825
567997,0.09125
297440,0.25375
914255,0.78375
627678,0.9725
885144,0.91
752126,0.995
925624,0.205
555256,1
987230,0.9725
527313,0.9425
566705,1
268155,0.98875
764888,0.22
909341,0.87
560273,0.6925
312721,0.015
367448,0.02
401766,0.1625
515280,0.04
858288,0.5875
208108,0.98125
690687,0.9025
645525,0.94
280267,0.625
265559,0.98
759826,0.88625
487136,0.8925
108498,0.81375
357683,0.2425
331191,0.35375
845718,1
795712,0.895
524844,0.8975
890029,0.83
698942,0.82375
784143,0.0475
439879,0.045
580545,0.955
564468,0
609454,0.98875
274045,0.97875
164824,0.61375
969850,0.72625
805967,0.9875
937008,0.9675
825789,0.9
422251,0.0175
822271,0.01
946339,0.02
869434,0.0125
527772,0.01
825682,0.005
331985,0.005
967180,0.02125
233420,0.0525
776485,0.045
752471,0.5875
324242,0.065
190377,0.94875
934620,0
745491,0.01
124148,0.7575
572529,0.9975
412150,0.0025
270150,0.74375
910551,0.0625
467718,0.06
197199,0.58125
165240,0.04
617069,0.8975
329832,0.11
384401,0.0025
797669,0.9575
320324,0.9825
405968,0.9175
975907,0.56
734784,0.02
614604,0.91
813332,0.77
817497,0.92125
636672,0.14125
489408,0.695
171049,0.07
224613,0.10625
931995,0.9575
250131,0.0075
187593,0.98
429428,0.06875
885533,1
405121,0.97
816505,1
725062,0.81375
454892,0.09625
290398,0.58875
300851,0.955
830886,0.88
339551,0.92
226225,0.06625
933594,0.6625
543249,0.03
858949,0.93375
921300,0.9975
240055,0.085
502997,0.1425
225787,0.05875
539925,0.975
650428,1
499849,0.99125
938234,0.775
823719,0.99125
271785,1
378993,0.995
572932,0.9625
842760,0.025
847083,0.54
626389,0.0775
705686,0.91125
897025,1
697081,0.9875
800555,0.995
220713,0.43
719536,0.04
753036,0.9975
428043,0.9075
726217,1
780233,0.9925
706870,0.60875
250388,0.65375
639620,0.95625
101348,0.07375
423259,1
988608,0.77
574618,0.5
933813,0.36375
290142,0.9575
103032,0.79125
546920,0.93
935402,0.9875
800477,0.9775
494802,0.9425
473616,0.78
887362,0.96125
639682,0.835
536275,0.98
319278,0.98625
161634,0.7975
178299,0.13
744357,0.56
212062,0.96625
765275,0.955
882473,0.01
532574,0.7125
862472,0.25125
811598,0.94375
234575,0.69625
335056,0.95625
440630,0.9625
808397,0
262964,0.9825
679455,0.6725
449475,0.995
905174,0.07375
507018,0.01125
812342,0
659195,0.08625
256040,0.01875
279086,0.76875
407273,0.98875
207572,0.81875
250746,0.8225
235831,0.99
230548,0.03
151508,0.045
785140,0.7025
613818,0.14
936045,0.96125
770555,0.53
508795,0.79875
592663,0.9625
594857,1
255397,0.95
755071,0.98875
190598,1
782686,0.9675
937132,1
663081,0.90375
816400,0.90375
898153,0.9325
532140,0.76
583415,0.995
749235,0.995
412915,0.995
803282,1
969381,0.98375
361062,1
975977,0.89875
432754,0.93
343244,1
861931,0.9975
831649,0
529242,0.0025
900781,0
164224,0.005
437414,0
706795,0.01
123674,0
125426,0.02
266540,0.015
906138,0.005
454722,0
425310,0.905
761444,0
158052,0.09375
328913,0.11
582178,0.95375
840852,0
551980,0
788997,0
771639,0
686200,0.0025
866739,0
346391,0.005
294380,0
566648,0.9975
809733,0
168850,0
854065,0
324687,0
869406,0
759734,0
595553,0
279316,0
949221,0.0025
139276,0
253951,0
240428,0
180960,0
475903,0.03125
465359,0
944326,0.0025
859245,0
942872,0
590946,0.95625
406948,0.0325
229919,0
933791,0
201421,0
405892,0.97375
190132,0.97375
753234,0.57125
806944,0.99625
805447,0.9025
612188,0.005
750687,1
203173,0.84625
447084,1
488184,0.9625
360806,0.995
946976,0.6925
122523,0.85375
621508,0.0375
331894,0.0625
252579,0.1125
958243,0.0075
133829,0.14625
475146,0.02875
272213,1
240716,1
211204,0.00125
976688,0.085
757539,0.0525
434380,0.905
554714,0.01
856836,1
527134,0.05375
647911,0.99
474317,1
682754,1
104070,0.9975
750276,0
631435,0.025
694089,0.9875
654061,1
116282,0.8125
375189,1
133902,1
818482,1
670556,1
916791,1
356771,1
259489,1
647577,1
492962,1
856996,1
418737,0.03375
186606,0.0175
188353,0.0225
330070,0.0125
344748,0.005
617073,0.02875
188157,0.0025
453224,0.88
895936,0.28625
476792,0.035
212823,0.08625
627396,0.0025
162445,0.0125
784190,0.0075
260040,0.9925
639241,1
729029,1
102401,1
531420,0.6425
123483,0.0275
256193,0.0125
854733,0.0025
954744,0.1775
575556,0.96
726184,0.93
788974,0.8025
189569,1
977691,0.21125
718041,0.85625
147605,0.80125
906690,0.8
766892,0.76
875207,0.97
353139,0.9725
872310,0.94625
572444,0.97
325678,0.9725
498764,0.995
271279,0.56375
981500,0.05625
680231,0.0375
121667,0.89625
393346,0.8775
988406,0.935
313087,0.97
249685,0
352599,0.87125
908202,0.96
121398,0.975
720530,0.82875
897743,0.0025
221413,0.84875
551252,0.54
274779,0.18
961268,0.935
462425,0.04125
582636,0.01875
426633,0.9525
414643,0.99375
548834,0.975
532613,0.0025
681414,0.9725
891431,0
839409,0.97
581056,0.32875
935778,0.9875
160722,0.0025
853328,0
111518,0.0275
654069,0
363762,0.9975
155752,0.0025
972650,0.99
955574,0.005
319100,0.9725
166547,1
661890,0.9975
961899,0.005
778260,0.835
998136,0.04625
601295,0.8675
743042,0.965
754314,0.83875
282703,0.535
856652,0.0075
152939,1
852091,0.9975
589822,1
946694,0.99625
596950,1
829408,1
615799,1
364561,1
678554,1
225908,1
813817,1
532922,0.96
448821,0.9975
735052,1
661022,1
628546,1
395545,1
775357,0.99625
698130,1
986233,1
664100,1
278176,1
497678,1
528549,1
806215,1
757488,1
463167,1
532609,1
905123,1
480565,1
137983,1
682700,1
976039,1
752415,0.81875
252577,1
841195,1
538829,0.01875
408545,0.9175
937825,0.97125
989959,0.02
176829,0.01125
335243,0.01625
749274,0.81875
132833,0.975
579631,1
607230,1
531923,1
977292,1
886636,1
402502,1
400901,1
229669,1
204480,0.00625
794233,0.0125
563925,0.77875
975418,0.005
902193,0.005
920117,0.01
271798,0.0025
632666,0.015
623972,0.0125
651918,0
206983,0.025
446077,0.145
182266,0
340056,0
532103,0
462953,0
603957,0.0125
348287,0.83625
428528,0.6
740630,0.0025
544261,0.01125
818599,0.97
377545,0.77125
605546,0.75375
173502,0.78375
375268,0.025
377445,0.86375
781036,0.96
187216,0.8875
107674,0.9875
345968,0.005
146111,0.76125
868988,0.355
700322,0.955
627220,1
482514,0.02
236134,0.035
926630,0
220482,0
161905,0
662494,0.9175
978852,0
815443,0
570316,0
881653,0.00125
262590,1
431797,0.96375
213362,1
571696,0.92875
473597,1
278181,1
299091,1
772239,1
276543,0.97
685183,0.97
466780,0.92
645654,1
710796,1
538103,1
848941,0.005
311067,1
428258,0.96625
649106,1
524564,1
584288,0.0425
295311,0.0825
865049,0.09
736944,0.0825
841355,0.87125
957497,0.9175
171987,0.97875
930481,0.40625
235134,0.0975
581667,0.79
687117,0.785
374867,0.09
119664,0.9525
769365,0.34
607150,0.94
380720,0.9525
741765,0.8125
331721,0.985
352782,1
730853,1
509038,0.96375
865972,1
512537,0.98375
966939,0.8425
597057,1
716374,1
883902,0.0525
800045,0.9925
958095,0.02
366575,0.035
136837,0.6575
290462,0.01
864509,0.01375
830955,0
185733,0
811536,0
644789,0.03
154918,0.01
726997,0
844380,0.0025
914103,0
218247,0.0025
617085,0.01
723777,0
868376,0.0025
446460,0
693310,0.0175
471583,0.0175
304961,1
530627,0.0025
955016,0.0225
235381,0.0025
563171,1
222553,0.965
825371,0.9975
429675,0.9725
100826,0.99
755283,1
836996,0.985
744334,0.995
476998,1
396315,1
906388,1
500885,1
687996,0.9825
703734,0.025
640093,0.93875
836019,0.915
324700,0.9975
809645,1
169904,1
679315,1
519366,0.995
829357,1
581208,1
606717,1
126275,0.96
466531,1
754335,1
970903,0.94375
709371,1
996934,0.98625
554644,0.985
888990,1
136669,1
401473,1
679809,0.98125
815363,1
296785,0.9275
799274,0
362768,1
148983,0
203770,0.0275
981959,1
614987,1
274411,1
762055,1
503484,0.96
987089,1
995761,1
642868,1
515604,1
613412,1
728787,0.115
212950,0.04
423106,0.005
458136,0.03
192291,0.0175
257413,0
438466,0
192251,0.0075
482295,0
343636,0.9425
227845,0.96125
527896,0.005
716884,0.02
833406,0.9075
325215,0.875
535724,0.0075
589813,0.0075
863392,0.9725
160222,0.0075
905384,0.965
320833,0.9925
710886,0.97
847116,1
529015,0.00875
593519,0.63625
102218,0.45125
584735,0.285
186934,0.32875
485680,0.73375
307020,0.88125
986110,0.995
628240,0.52
139980,0.0025
687861,0.9825
798578,0.93125
237314,0.985
808989,0.99375
616819,0.0125
603008,1
646901,0.67625
458438,0.8975
895733,0.0775
233277,0.88
606377,0.9075
468324,0.9225
866807,0.8575
270999,0.96375
644385,0.96625
188049,0
886940,0.06
946069,1
622305,0
402646,0
472614,0
196491,0
771336,0
612287,0
384153,0
420631,0
704530,0
468568,0.0025
516221,0
588904,0
523795,0
170793,0.07375
200813,0.00375
895592,0.6425
262681,0.9575
861387,0.21125
553221,0.97125
701545,0.925
999432,0.49375
565236,0.04375
680618,0.0025
496180,0.04625
636110,0
608261,0.0175
351943,0.3375
887245,0.02875
193237,0.53375
169698,0.52875
242550,0.56375
287586,0.1175
837392,0.02875
629077,0.58375
249732,0.0125
288326,0.07875
257395,1
465166,1
114993,1
572701,0.84
169821,0.68875
420804,0.095
726728,0.9975
143608,0.19625
219520,1
459027,0
662981,0.6
172452,0.98875
261212,1
980912,0.9125
456329,0.38625
409574,1
603020,0.625
230529,0.77
903783,0.95
782905,1
682352,1
906552,1
819309,0.80875
478886,0.8725
688797,0.96125
203232,0.92
572938,0.97125
457141,0.9975
470654,0.35125
160124,0.99
537949,0.91875
509559,0.9875
666487,1
996613,0.9925
236048,1
423130,0.05625
243303,0.99
699859,0.9925
217651,0.7775
888214,0.8325
861583,0.8875
111332,0.02125
462045,0
974122,1
957001,0.5325
166949,0.975
446114,0.96
836529,1
310457,0.88
138249,0.98
508642,0.95
877090,0.9975
788574,1
359692,0.98625
843682,1
412708,1
771308,1
698930,1
184511,1
275888,0.99
878199,1
384372,0
413351,0.98
357964,0.98
145381,0.9975
145687,0.9625
865022,1
721335,1
421036,1
781870,0.0425
544968,0
920558,0
771440,0
537529,0
162098,1
393939,0.9975
659576,0.9975
626501,1
258837,1
939373,1
119281,0.965
519667,0.1525
838294,0.94375
293256,1
241619,1
755336,0.0175
663542,0.91
985804,0.8825
548938,0.0175
737520,0.01125
351888,0.0125
264647,0.95375
672530,0.8925
729952,0.9025
753223,0.985
934275,1
384521,0.90375
804682,0.84375
791333,0.0025
986760,1
169714,0.005
628756,0.0125
327293,0
808399,0.74625
704606,0.995
169683,0.0025
674280,0.9875
430490,0.98375
506677,0.9975
395608,0.9975
873043,0.9975
623540,0.7125
527140,1
949207,0.06
953497,0.01
957807,1
692224,0.0025
748367,0
558333,1
511988,0.0025
217490,0.9375
726972,0.8825
958436,1
567872,1
809243,0.995
980724,0.99375
148882,1
351526,0.9975
118913,0.0625
788838,1
646200,1
221716,0.59875
717745,0.93625
173879,1
720911,1
310068,0.9875
527950,0.69375
828340,0.9525
586978,0.9975
803513,0.99875
901466,0.9925
745147,0.88625
538411,0.98
322179,0.94
973753,0.02375
738886,0.995
699080,0.8975
687804,0.91375
445853,0
944970,0.94375
534793,0.4875
173362,1
192230,1
751070,0.985
745895,0
349512,0
954580,0.80125
426596,0.92625
265089,0.97125
248737,0
402623,0
866547,0
946335,0
578697,0
600703,0.37375
361979,0
326890,0
831967,0
955126,0
947155,0.04375
122707,0.055
244828,0.99875
572909,0
238133,0.59625
196140,0.8075
255406,0.8225
155551,0.90375
196388,0.87375
387190,0.04125
774723,0.0075
709112,0.96875
646011,0
411423,0.7875
983353,0.48125
424041,0
423780,0
487269,0.76
134604,0.0025
669351,0.75
161813,0.0575
643906,0.88625
211619,0.0075
413558,1
881472,0.79875
986380,0.06625
352402,0.995
440997,0.07125
504488,0.0025
786707,1
349461,0.51625
838300,0.53
217347,0.00125
261469,0.86875
681228,0.92625
863188,0.4975
344532,0.5675
526122,0.96375
545657,0.81125
396175,0.95875
235874,0.87
153297,0.90875
719232,0.735
249257,0.005
454140,0
504023,0
795200,0
310133,1
343489,0.01
731922,0.005
229049,0.78625
310112,0.02125
635342,0
269951,0.00625
107795,0.97875
426054,0.005
178178,0.55
453534,0.94875
937204,0.93375
385645,0.84125
964762,1
918789,1
658315,1
316154,0.0675
675089,0
361027,0.0075
527646,0.6925
961027,0.88875
643485,0.015
929876,0.8975
771584,0.04625
707986,0
198147,0.9925
610278,0.9875
903319,0.93875
965548,0.97875
866632,0.8975
526886,0.93
168494,0.0225
477000,0.1125
650299,0.8425
919331,0.9125
238172,0.98
390253,0.88875
808495,0.995
271992,0.86
988110,0.88625
204347,0.03875
872654,0.26375
481642,0.8625
472348,0.2225
157048,0.26125
207821,0.9875
444140,0.985
146453,0.7925
259774,0.045
468404,0.78375
333019,0.79875
744864,0.035
692253,0.20875
466455,0.99125
471001,0.89125
165884,0.975
701148,0.80375
481094,0.75125
728425,0.96125
768311,0.005
104658,0.62
682880,0.005
175393,0.005
374511,0.90375
801974,0.92375
453115,0.95625
365613,0.005
327852,0.0025
672216,0
424951,0.9325
532638,0.05
120339,0.90125
236628,0.04
582485,0.95
274511,0.9925
812956,0.76125
286178,0.9825
326720,0.49625
658118,0.03
671111,0.9275
442444,0.8425
455963,0.31375
778603,0.9275
976190,0.855
102051,0.05
418858,0.8525
809394,0.71625
865575,0.9975
678578,0.9975
499428,0.99
332079,0.975
568116,1
472481,0.13875
815175,0.02375
443305,0.5925
239004,0.01
333230,1
824924,0.9975
949419,0.9575
497763,1
189211,0.49625
887630,0.86
168220,0.9975
709759,0.89
162108,0.92125
169374,0.9975
859458,1
710164,0.9525
325158,0.995
227164,0.04125
807018,1
603235,0.83
680353,0
594918,0.0025
855832,0
339376,0.9575
958923,0.715
477379,0.0075
700350,0.92375
740602,0
213363,0.09375
721144,0
101448,0
480492,0
680364,1
617507,0.0225
885080,1
569153,0
110457,0
168010,0
466815,0
605877,0
842653,0
904076,0
261922,0
405819,0
546161,0
233974,0
572126,0
413485,0
841918,0
146110,0.0025
250291,0
997203,0
215578,0
265044,0
459272,1
552885,0.66625
771030,0.345
621334,0.0575
713140,0.28
987598,0.90375
543272,0.25125
608719,0
140688,0.7125
586312,0.78875
257321,0
129698,0.65625
517147,0
317219,0
395489,0
865281,0
903297,0
130988,0
875671,0
322325,0
948013,0
739223,0
553105,0
398559,0
453303,0.03625
142033,0
289960,0
531588,0
597123,0
573751,0
962192,0.0025
183800,0.0025
985183,0.06375
185453,0.76
439260,0.99875
408993,0.7275
381390,0.0175
684308,0.0275
195406,0.97
260733,0.8625
180011,0.005
698480,0.11
149102,0.09375
319506,0.04375
397643,0.1825
114635,0
459945,0
812232,0.9825
295661,0.53125
437838,0.83
510120,0.5425
657208,0.92
197177,0.975
538345,0.95625
649745,0.9675
150304,0.08625
352364,0
872748,0.96125
113447,0.0025
952233,0.945
587305,0.97
696547,0.9625
494908,0.9825
488412,0.9475
164738,0.5675
100287,0.38375
564645,0.995
590428,0.995
595992,1
383719,0.9575
220568,0.97625
865529,0.96625
738450,0.96625
450286,0.90375
372961,0.8525
986934,0.9425
144693,0.94625
613439,0.03625
288781,0.05625
631545,0.91375
918538,0.90625
111145,0.91875
869833,0.91875
519561,0.8025
347709,0.44875
764312,0.01875
301901,0.9925
297725,0
490901,0.99125
806023,0.98375
309049,0.91
669966,0
691407,0.01375
460344,0
903516,0.005
611834,0.995
439113,0
585380,0
483404,0
951930,0
698318,0.12875
732752,0.96375
743834,0
280557,0
164189,0.74125
212218,0
341068,0.95
385616,0.1675
423373,0.91
108106,0.8275
362881,0.00875
814233,0.11125
734582,0.025
905956,0.9725
968476,0.67875
515655,0.105
548965,0.3275
962828,0.38375
316429,0.67875
599256,1
409416,0.395
358991,0.82625
714358,0.9575
320084,0.9775
123737,0.97
179838,0.56875
997698,0.83875
544555,0.995
458589,0.945
748711,0.005
611696,0.15
490021,0.275
643781,0.86
980766,0.03
360291,0.77375
251700,1
127799,0.9975
586554,0.0225
980217,0.1375
488317,0.67875
967837,0.90375
490889,0.0225
924400,0.36375
155212,0.59125
866950,1
718061,0.33
756550,0.865
943519,0.0025
478781,0
137247,0.20875
299502,0.87625
995536,0.03125
916359,0.03375
539995,0.9325
299758,0.93
721837,0.22
207227,0.00375
262316,0.0375
765476,0.015
617014,0.99125
338895,0
595293,0.55625
466173,0.9675
545669,0.95875
979840,0.1625
320953,0.9925
902782,0.965
731790,0.81375
906071,0.9525
329364,0.97
907617,0.005
396210,0.09125
388527,0.22625
267854,0.0075
806157,0.0025
318520,0.02875
931767,0.16
374292,0
451592,0.64125
450532,0.03375
247948,0
782661,0.005
714606,0
742061,0.6525
245166,0.03125
509877,0.0025
123375,0
791507,0.90375
529502,0.9825
852548,0
293425,0
361230,0
416854,0.005
517293,0
304649,0.0025
333612,0.0375
607275,0.0075
508037,0
106613,0
536292,0
339564,0
725852,0
435464,0
247368,0.0025
324736,0.01375
272429,0.0025
794040,0
145890,0
766077,0
785441,0.79875
148775,0.65375
236885,0
508151,0
384951,0.5925
549366,0.585
446136,0.99625
170146,1
851270,1
803248,0.99625
104271,0.99375
788646,0.99625
286581,1
495355,1
482478,1
268582,1
322460,1
165101,0.995
639922,0.815
140126,1
171133,1
718916,0.9975
113482,0.995
914104,1
295937,0.3925
919039,0
103472,0
359200,0
679504,0
218129,0
547969,0
963376,0
672347,0
362647,0
236663,0
735984,0.92875
923922,0.16875
279683,0.135
318598,0.545
838242,0.5575
908313,0.6875
872278,0.995
183693,0.97
495394,0
648382,0
417676,0.94625
996482,0.1275
145192,0
935406,0.525
930474,0.0475
861525,0.09625
124961,0.03
680423,0.9925
949066,0.15375
535984,0.9
228200,0.12125
515069,0.0875
603298,0.24625
920595,0.015
406765,0.995
503076,0.73125
743653,0.9925
584086,0.1
518920,0.0825
811147,0.9975
137682,1
894949,1
444605,1
978667,1
483788,1
248271,1
397382,0.0025
753916,0.03875
242312,0.30125
410326,0.47625
890732,0.53625
252154,0.065
930689,0.9975
511732,0.005
836297,0
853011,0
950781,0.0475
811104,0
593696,0.9175
391235,0.985
506971,0
523798,0.0825
950920,0.78125
647593,0.0925
110163,0.99
215459,0
702032,0.9975
956561,0.235
268447,0.07625
162406,0.60125
730998,0.05625
289647,0.35375
247236,0.78
733365,0.7225
977545,0.235
625625,0.97375
197939,0.98
625152,0.02125
602892,0.095
217399,0.9725
645636,0.4675
889773,0.93
153517,0.1625
607381,0.075
816161,0.07125
194440,0.045
859335,0.0225
521570,0.48125
325063,0
446885,0
428353,0.0225
453032,0
162851,0
954461,0.00875
891767,0
403051,0
691744,0.11
462569,0.13875
308624,0.255
459290,0.15625
848930,0.7175
490146,0.9775
843676,0.10375
292698,0
562239,0
683296,0.005
848299,0.8025
513844,0.005
825463,0.0125
834192,0.01
554906,0.0125
688433,0.0025
400884,0.0325
489187,0.0025
241634,0.025
987551,0.0225
775055,0.185
488823,0.005
224546,0.345
473093,0.35375
691284,0.9575
218330,0.02625
140613,0.84625
605091,0.05
717321,0.99125
384469,0.9225
693159,0.98125
725421,0.98375
107417,0.9975
342924,0.95625
538547,0.86625
404721,0.53125
636730,0.07125
623769,0.19125
707983,0.1425
753215,0.98125
646619,0.13
992878,0.2
620926,0.93
722028,0.15875
610610,0.91
492584,0.0775
679430,0.0225
846204,0.97125
833917,0.61375
482571,0.66625
979013,0.0925
833550,0.0325
242014,0.0075
596231,0.1975
771810,0.84125
683388,0.84125
209295,0.00375
260668,0.85625
752627,0.89875
822532,0.29375
723599,0.0225
658689,0.015
453350,0.95375
221265,0.0075
669941,0.86125
472194,0.0025
344105,0.005
730564,0.03625
499204,0
761954,0
449247,0
113158,0
988161,0
816586,0
947536,0
626226,0
380993,0
889123,0
133458,0
468178,0
450342,0.10375
743708,0.0975
496467,0.0975
412429,0.0975
330893,0.01
575666,0.01125
781494,0.05
425838,0.9675
490918,0.01
